timestamp,temperature_c,humidity_pct,pressure_hpa,door_status,light_lux
2026-03-20 08:24:29,-8.68,33.41,1024.86,OPEN,0.0
2026-03-20 08:24:39,-8.81,33.17,1024.85,OPEN,0.0
2026-03-20 08:24:50,-8.96,32.9,1024.85,OPEN,0.0
2026-03-20 08:25:00,-9.12,32.65,1024.89,OPEN,0.0
2026-03-20 08:25:10,-9.29,32.44,1024.91,OPEN,0.0
2026-03-20 08:25:20,-9.44,32.21,1024.93,OPEN,0.0
2026-03-20 08:25:30,-9.6,31.99,1024.91,OPEN,0.0
2026-03-20 08:25:40,-9.76,31.82,1024.9,OPEN,0.0
2026-03-20 08:25:50,-9.92,31.66,1024.9,OPEN,0.0
2026-03-20 08:26:00,-10.08,31.52,1024.89,OPEN,0.0
2026-03-20 08:26:10,-10.24,31.39,1024.88,OPEN,0.0
2026-03-20 08:26:20,-10.4,31.29,1024.89,OPEN,0.0
2026-03-20 08:26:30,-10.56,31.21,1024.94,OPEN,0.0
2026-03-20 08:26:40,-10.72,31.14,1024.93,OPEN,0.0
2026-03-20 08:26:50,-10.87,31.09,1024.93,OPEN,0.0
2026-03-20 08:27:00,-11.01,31.05,1024.94,OPEN,0.0
2026-03-20 08:27:10,-11.17,31.03,1024.92,OPEN,0.0
2026-03-20 08:27:20,-11.31,31.02,1024.93,OPEN,0.0
2026-03-20 08:27:30,-11.47,31.0,1024.92,OPEN,0.0
2026-03-20 08:27:40,-11.62,30.99,1024.93,OPEN,0.0
2026-03-20 08:27:50,-11.77,31.01,1024.94,OPEN,0.0
2026-03-20 08:28:00,-11.91,31.01,1024.99,OPEN,0.0
2026-03-20 08:28:10,-12.06,31.01,1024.98,OPEN,0.0
2026-03-20 08:28:20,-12.2,31.02,1024.98,OPEN,0.0
2026-03-20 08:28:30,-12.34,31.05,1024.98,OPEN,0.0
2026-03-20 08:28:40,-12.48,31.08,1025.03,OPEN,0.0
2026-03-20 08:28:50,-12.62,31.11,1025.02,OPEN,0.0
2026-03-20 08:29:00,-12.77,31.12,1025.03,OPEN,0.0
2026-03-20 08:29:10,-12.9,31.15,1025.03,OPEN,0.0
2026-03-20 08:29:20,-13.03,31.16,1025.03,OPEN,0.0
2026-03-20 08:29:30,-13.16,31.2,1025.07,OPEN,0.0
2026-03-20 08:29:40,-13.29,31.23,1025.07,OPEN,0.0
2026-03-20 08:29:50,-13.42,31.25,1025.06,OPEN,0.0
2026-03-20 08:30:00,-13.55,31.27,1025.07,OPEN,0.0
2026-03-20 08:30:10,-13.68,31.3,1025.06,OPEN,0.0
2026-03-20 08:30:20,-13.81,31.32,1025.11,OPEN,0.0
2026-03-20 08:30:30,-13.94,31.34,1025.1,OPEN,0.0
2026-03-20 08:30:40,-14.06,31.39,1025.12,OPEN,0.0
2026-03-20 08:30:50,-14.18,31.43,1025.12,OPEN,0.0
2026-03-20 08:31:00,-14.29,31.45,1025.15,OPEN,0.0
2026-03-20 08:31:10,-14.41,31.47,1025.16,OPEN,0.0
2026-03-20 08:31:20,-14.52,31.49,1025.21,OPEN,0.0
2026-03-20 08:31:30,-14.65,31.52,1025.2,OPEN,0.0
2026-03-20 08:31:40,-14.75,31.55,1025.22,OPEN,0.0
2026-03-20 08:31:50,-14.87,31.57,1025.21,OPEN,0.0
2026-03-20 08:32:00,-14.98,31.6,1025.21,OPEN,0.0
2026-03-20 08:32:10,-15.09,31.63,1025.21,OPEN,0.0
2026-03-20 08:32:20,-15.21,31.66,1025.2,OPEN,0.0
2026-03-20 08:32:30,-15.33,31.69,1025.2,OPEN,0.0
2026-03-20 08:32:40,-15.43,31.72,1025.19,OPEN,0.0
2026-03-20 08:32:50,-15.52,31.75,1025.2,OPEN,0.0
2026-03-20 08:33:00,-15.62,31.77,1025.24,OPEN,0.0
2026-03-20 08:33:10,-15.73,31.79,1025.22,OPEN,0.0
2026-03-20 08:33:20,-15.83,31.82,1025.24,OPEN,0.0
2026-03-20 08:33:30,-15.93,31.85,1025.23,OPEN,0.0
2026-03-20 08:33:40,-16.02,31.87,1025.23,OPEN,0.0
2026-03-20 08:33:50,-16.11,31.9,1025.25,OPEN,0.0
2026-03-20 08:34:00,-16.21,31.91,1025.29,OPEN,0.0
2026-03-20 08:34:10,-16.3,31.93,1025.27,OPEN,0.0
2026-03-20 08:34:20,-16.39,31.96,1025.28,OPEN,0.0
2026-03-20 08:34:30,-16.49,31.97,1025.28,OPEN,0.0
2026-03-20 08:34:40,-16.57,31.99,1025.28,OPEN,0.0
2026-03-20 08:34:50,-16.66,32.04,1025.29,OPEN,0.0
2026-03-20 08:35:00,-16.74,32.24,1025.32,OPEN,0.0
2026-03-20 08:35:10,-16.82,32.47,1025.32,OPEN,0.0
2026-03-20 08:35:20,-16.88,32.75,1025.31,OPEN,0.0
2026-03-20 08:35:30,-16.94,33.08,1025.32,OPEN,0.0
2026-03-20 08:35:40,-16.99,33.46,1025.3,OPEN,0.0
2026-03-20 08:35:50,-17.04,33.85,1025.3,OPEN,0.0
2026-03-20 08:36:00,-17.09,34.25,1025.31,OPEN,0.0
2026-03-20 08:36:10,-17.13,34.64,1025.3,OPEN,0.0
2026-03-20 08:36:20,-17.17,35.0,1025.31,OPEN,0.0
2026-03-20 08:36:30,-17.21,35.36,1025.29,OPEN,0.0
2026-03-20 08:36:40,-17.24,35.71,1025.28,OPEN,0.0
2026-03-20 08:36:50,-17.27,36.03,1025.28,OPEN,0.0
2026-03-20 08:37:00,-17.29,36.35,1025.28,OPEN,0.0
2026-03-20 08:37:10,-17.32,36.65,1025.29,OPEN,0.0
2026-03-20 08:37:20,-17.34,36.93,1025.29,OPEN,0.0
2026-03-20 08:37:30,-17.36,37.18,1025.3,OPEN,0.0
2026-03-20 08:37:40,-17.37,37.42,1025.29,OPEN,0.0
2026-03-20 08:37:50,-17.39,37.67,1025.29,OPEN,0.0
2026-03-20 08:38:00,-17.4,37.89,1025.26,OPEN,0.0
2026-03-20 08:38:10,-17.41,38.08,1025.28,OPEN,0.0
2026-03-20 08:38:20,-17.42,38.28,1025.29,OPEN,0.0
2026-03-20 08:38:30,-17.42,38.46,1025.3,OPEN,0.0
2026-03-20 08:38:40,-17.42,38.64,1025.03,OPEN,0.0
2026-03-20 08:38:50,-17.4,38.8,1024.69,OPEN,0.0
2026-03-20 08:39:00,-17.41,38.96,1024.67,OPEN,0.0
2026-03-20 08:39:11,-17.4,39.1,1024.69,OPEN,0.0
2026-03-20 08:39:21,-17.4,39.23,1024.69,OPEN,0.0
2026-03-20 08:39:31,-17.4,39.35,1024.72,OPEN,0.0
2026-03-20 08:39:41,-17.4,39.46,1024.71,OPEN,0.0
2026-03-20 08:39:51,-17.39,39.58,1024.7,OPEN,0.0
2026-03-20 08:40:01,-17.38,39.67,1024.71,OPEN,0.0
2026-03-20 08:40:11,-17.37,39.76,1024.7,OPEN,0.0
2026-03-20 08:40:21,-17.37,39.85,1024.68,OPEN,0.0
2026-03-20 08:40:31,-17.36,39.93,1024.7,OPEN,0.0
2026-03-20 08:40:41,-17.35,40.0,1024.68,OPEN,0.0
2026-03-20 08:40:51,-17.34,40.07,1024.7,OPEN,0.0
2026-03-20 08:41:01,-17.33,40.13,1024.69,OPEN,0.0
2026-03-20 08:41:11,-17.32,40.19,1024.71,OPEN,0.0
2026-03-20 08:41:21,-17.31,40.26,1024.71,OPEN,0.0
2026-03-20 08:41:31,-17.3,40.3,1024.72,OPEN,0.0
2026-03-20 08:41:41,-17.29,40.35,1024.69,OPEN,0.0
2026-03-20 08:41:51,-17.28,40.39,1024.71,OPEN,0.0
2026-03-20 08:42:01,-17.26,40.42,1024.71,OPEN,0.0
2026-03-20 08:42:11,-17.26,40.46,1024.7,OPEN,0.0
2026-03-20 08:42:21,-17.25,40.49,1024.7,OPEN,0.0
2026-03-20 08:42:31,-17.23,40.52,1024.71,OPEN,0.0
2026-03-20 08:42:41,-17.22,40.54,1024.71,OPEN,0.0
2026-03-20 08:42:51,-17.21,40.57,1024.7,OPEN,0.0
2026-03-20 08:43:01,-17.2,40.59,1024.7,OPEN,0.0
2026-03-20 08:43:11,-17.18,40.6,1024.72,OPEN,0.0
2026-03-20 08:43:21,-17.17,40.63,1024.73,OPEN,0.0
2026-03-20 08:43:31,-17.17,40.65,1024.69,OPEN,0.0
2026-03-20 08:43:41,-17.16,40.66,1024.69,OPEN,0.0
2026-03-20 08:43:51,-17.14,40.67,1024.69,OPEN,0.0
2026-03-20 08:44:01,-17.13,40.68,1024.7,OPEN,0.0
2026-03-20 08:44:11,-17.12,40.69,1024.69,OPEN,0.0
2026-03-20 08:44:21,-17.11,40.7,1024.71,OPEN,0.0
2026-03-20 08:44:31,-17.1,40.7,1024.7,OPEN,0.0
2026-03-20 08:44:41,-17.09,40.7,1024.72,OPEN,0.0
2026-03-20 08:44:51,-17.08,40.7,1024.71,OPEN,0.0
2026-03-20 08:45:01,-17.07,40.7,1024.71,OPEN,0.0
2026-03-20 08:45:11,-17.06,40.7,1024.69,OPEN,0.0
2026-03-20 08:45:21,-17.05,40.7,1024.69,OPEN,0.0
2026-03-20 08:45:31,-17.04,40.69,1024.69,OPEN,0.0
2026-03-20 08:45:41,-17.04,40.68,1024.68,OPEN,0.0
2026-03-20 08:45:51,-17.02,40.67,1024.7,OPEN,0.0
2026-03-20 08:46:01,-17.01,40.65,1024.69,OPEN,0.0
2026-03-20 08:46:11,-17.01,40.64,1024.69,OPEN,0.0
2026-03-20 08:46:21,-17.0,40.62,1024.69,OPEN,0.0
2026-03-20 08:46:31,-16.99,40.6,1024.69,OPEN,0.0
2026-03-20 08:46:41,-16.99,40.59,1024.66,OPEN,0.0
2026-03-20 08:46:51,-16.98,40.57,1024.68,OPEN,0.0
2026-03-20 08:47:01,-16.97,40.56,1024.69,OPEN,0.0
2026-03-20 08:47:11,-16.96,40.55,1024.68,OPEN,0.0
2026-03-20 08:47:21,-16.95,40.54,1024.68,OPEN,0.0
2026-03-20 08:47:31,-16.94,40.53,1024.7,OPEN,0.0
2026-03-20 08:47:41,-16.93,40.51,1024.69,OPEN,0.0
2026-03-20 08:47:51,-16.92,40.5,1024.69,OPEN,0.0
2026-03-20 08:48:01,-16.91,40.49,1024.72,OPEN,0.0
2026-03-20 08:48:11,-16.9,40.47,1024.69,OPEN,0.0
2026-03-20 08:48:21,-16.9,40.46,1024.7,OPEN,0.0
2026-03-20 08:48:31,-16.89,40.44,1024.7,OPEN,0.0
2026-03-20 08:48:41,-16.88,40.42,1024.7,OPEN,0.0
2026-03-20 08:48:51,-16.87,40.41,1024.7,OPEN,0.0
2026-03-20 08:49:01,-16.86,40.39,1024.69,OPEN,0.0
2026-03-20 08:49:11,-16.86,40.37,1024.69,OPEN,0.0
2026-03-20 08:49:21,-16.85,40.35,1024.67,OPEN,0.0
2026-03-20 08:49:31,-16.84,40.33,1024.7,OPEN,0.0
2026-03-20 08:49:41,-16.83,40.25,1024.71,OPEN,0.0
2026-03-20 08:49:51,-16.84,40.09,1024.7,OPEN,0.0
2026-03-20 08:50:01,-16.85,39.9,1024.7,OPEN,0.0
2026-03-20 08:50:11,-16.86,39.69,1024.7,OPEN,0.0
2026-03-20 08:50:21,-16.88,39.46,1024.68,OPEN,0.0
2026-03-20 08:50:31,-16.9,39.21,1024.7,OPEN,0.0
2026-03-20 08:50:41,-16.92,38.95,1024.73,OPEN,0.0
2026-03-20 08:50:51,-16.95,38.68,1024.73,OPEN,0.0
2026-03-20 08:51:01,-16.98,38.43,1024.72,OPEN,0.0
2026-03-20 08:51:11,-17.01,38.16,1024.72,OPEN,0.0
2026-03-20 08:51:21,-17.05,37.9,1024.72,OPEN,0.0
2026-03-20 08:51:31,-17.09,37.66,1024.73,OPEN,0.0
2026-03-20 08:51:41,-17.13,37.42,1024.73,OPEN,0.0
2026-03-20 08:51:51,-17.17,37.19,1024.74,OPEN,0.0
2026-03-20 08:52:01,-17.22,36.97,1024.74,OPEN,0.0
2026-03-20 08:52:11,-17.25,36.74,1024.73,OPEN,0.0
2026-03-20 08:52:21,-17.29,36.54,1024.72,OPEN,0.0
2026-03-20 08:52:31,-17.33,36.33,1024.72,OPEN,0.0
2026-03-20 08:52:41,-17.37,36.12,1024.72,OPEN,0.0
2026-03-20 08:52:51,-17.41,35.97,1024.72,OPEN,0.0
2026-03-20 08:53:01,-17.45,35.82,1024.73,OPEN,0.0
2026-03-20 08:53:11,-17.5,35.65,1024.71,OPEN,0.0
2026-03-20 08:53:21,-17.54,35.51,1024.69,OPEN,0.0
2026-03-20 08:53:31,-17.59,35.37,1024.71,OPEN,0.0
2026-03-20 08:53:41,-17.64,35.25,1024.72,OPEN,0.0
2026-03-20 08:53:51,-17.69,35.11,1024.71,OPEN,0.0
2026-03-20 08:54:01,-17.74,35.02,1024.74,OPEN,0.0
2026-03-20 08:54:11,-17.79,34.91,1024.72,OPEN,0.0
2026-03-20 08:54:21,-17.85,34.79,1024.7,OPEN,0.0
2026-03-20 08:54:31,-17.9,34.67,1024.71,OPEN,0.0
2026-03-20 08:54:41,-17.95,34.57,1024.71,OPEN,0.0
2026-03-20 08:54:51,-18.0,34.49,1024.72,OPEN,0.0
2026-03-20 08:55:01,-18.05,34.41,1024.72,OPEN,0.0
2026-03-20 08:55:11,-18.11,34.31,1024.71,OPEN,0.0
2026-03-20 08:55:21,-18.16,34.24,1024.71,OPEN,0.0
2026-03-20 08:55:31,-18.21,34.17,1024.76,OPEN,0.0
2026-03-20 08:55:41,-18.27,34.11,1024.75,OPEN,0.0
2026-03-20 08:55:51,-18.32,34.03,1024.75,OPEN,0.0
2026-03-20 08:56:01,-18.37,33.97,1024.76,OPEN,0.0
2026-03-20 08:56:11,-18.42,33.91,1024.75,OPEN,0.0
2026-03-20 08:56:21,-18.47,33.85,1024.76,OPEN,0.0
2026-03-20 08:56:31,-18.53,33.79,1024.74,OPEN,0.0
2026-03-20 08:56:41,-18.58,33.74,1024.75,OPEN,0.0
2026-03-20 08:56:51,-18.63,33.69,1024.75,OPEN,0.0
2026-03-20 08:57:01,-18.68,33.65,1024.75,OPEN,0.0
2026-03-20 08:57:11,-18.73,33.61,1024.76,OPEN,0.0
2026-03-20 08:57:21,-18.79,33.57,1024.75,OPEN,0.0
2026-03-20 08:57:31,-18.84,33.53,1024.76,OPEN,0.0
2026-03-20 08:57:41,-18.89,33.48,1024.77,OPEN,0.0
2026-03-20 08:57:51,-18.94,33.43,1024.76,OPEN,0.0
2026-03-20 08:58:01,-18.99,33.39,1024.77,OPEN,0.0
2026-03-20 08:58:11,-19.03,33.35,1024.77,OPEN,0.0
2026-03-20 08:58:21,-19.08,33.31,1024.75,OPEN,0.0
2026-03-20 08:58:31,-19.13,33.28,1024.74,OPEN,0.0
2026-03-20 08:58:41,-19.19,33.24,1024.73,OPEN,0.0
2026-03-20 08:58:51,-19.23,33.2,1024.73,OPEN,0.0
2026-03-20 08:59:01,-19.27,33.17,1024.74,OPEN,0.0
2026-03-20 08:59:11,-19.32,33.14,1024.74,OPEN,0.0
2026-03-20 08:59:21,-19.37,33.1,1024.76,OPEN,0.0
2026-03-20 08:59:31,-19.42,33.07,1024.75,OPEN,0.0
2026-03-20 08:59:41,-19.46,33.05,1024.77,OPEN,0.0
2026-03-20 08:59:51,-19.51,33.02,1024.73,OPEN,0.0
2026-03-20 09:00:01,-19.56,32.99,1024.74,OPEN,0.0
2026-03-20 09:00:11,-19.6,32.97,1024.76,OPEN,0.0
2026-03-20 09:00:21,-19.64,32.94,1024.79,OPEN,0.0
2026-03-20 09:00:31,-19.68,32.91,1024.8,OPEN,0.0
2026-03-20 09:00:41,-19.73,32.88,1024.8,OPEN,0.0
2026-03-20 09:00:51,-19.77,32.86,1024.79,OPEN,0.0
2026-03-20 09:01:01,-19.82,32.84,1024.8,OPEN,0.0
2026-03-20 09:01:11,-19.86,32.81,1024.78,OPEN,0.0
2026-03-20 09:01:21,-19.9,32.78,1024.79,OPEN,0.0
2026-03-20 09:01:31,-19.94,32.76,1024.77,OPEN,0.0
2026-03-20 09:01:41,-19.99,32.73,1024.78,OPEN,0.0
2026-03-20 09:01:51,-20.02,32.71,1024.81,OPEN,0.0
2026-03-20 09:02:01,-20.06,32.7,1024.82,OPEN,0.0
2026-03-20 09:02:12,-20.11,32.67,1024.82,OPEN,0.0
2026-03-20 09:02:22,-20.15,32.65,1024.84,OPEN,0.0
2026-03-20 09:02:32,-20.19,32.62,1024.84,OPEN,0.0
2026-03-20 09:02:42,-20.23,32.61,1024.84,OPEN,0.0
2026-03-20 09:02:52,-20.27,32.59,1024.84,OPEN,0.0
2026-03-20 09:03:02,-20.3,32.62,1024.84,OPEN,0.0
2026-03-20 09:03:12,-20.33,32.71,1024.85,OPEN,0.0
2026-03-20 09:03:22,-20.35,32.87,1024.83,OPEN,0.0
2026-03-20 09:03:32,-20.37,33.08,1024.85,OPEN,0.0
2026-03-20 09:03:42,-20.39,33.34,1024.84,OPEN,0.0
2026-03-20 09:03:52,-20.4,33.63,1024.87,OPEN,0.0
2026-03-20 09:04:02,-20.4,33.94,1024.86,OPEN,0.0
2026-03-20 09:04:12,-20.4,34.25,1024.83,OPEN,0.0
2026-03-20 09:04:22,-20.4,34.56,1024.85,OPEN,0.0
2026-03-20 09:04:32,-20.39,34.87,1024.86,OPEN,0.0
2026-03-20 09:04:42,-20.38,35.17,1024.84,OPEN,0.0
2026-03-20 09:04:52,-20.37,35.45,1024.84,OPEN,0.0
2026-03-20 09:05:02,-20.35,35.72,1024.84,OPEN,0.0
2026-03-20 09:05:12,-20.33,35.99,1024.84,OPEN,0.0
2026-03-20 09:05:22,-20.32,36.25,1024.84,OPEN,0.0
2026-03-20 09:05:32,-20.3,36.49,1024.85,OPEN,0.0
2026-03-20 09:05:42,-20.28,36.7,1024.86,OPEN,0.0
2026-03-20 09:05:52,-20.26,36.92,1024.86,OPEN,0.0
2026-03-20 09:06:02,-20.24,37.13,1024.86,OPEN,0.0
2026-03-20 09:06:12,-20.22,37.33,1024.86,OPEN,0.0
2026-03-20 09:06:22,-20.19,37.53,1024.85,OPEN,0.0
2026-03-20 09:06:32,-20.16,37.71,1024.85,OPEN,0.0
2026-03-20 09:06:42,-20.14,37.88,1024.84,OPEN,0.0
2026-03-20 09:06:52,-20.11,38.05,1024.85,OPEN,0.0
2026-03-20 09:07:02,-20.09,38.2,1024.84,OPEN,0.0
2026-03-20 09:07:12,-20.06,38.34,1024.84,OPEN,0.0
2026-03-20 09:07:22,-20.04,38.48,1024.83,OPEN,0.0
2026-03-20 09:07:32,-20.0,38.61,1024.82,OPEN,0.0
2026-03-20 09:07:42,-19.98,38.73,1024.82,OPEN,0.0
2026-03-20 09:07:52,-19.95,38.86,1024.82,OPEN,0.0
2026-03-20 09:08:02,-19.92,38.97,1024.82,OPEN,0.0
2026-03-20 09:08:12,-19.89,39.07,1024.83,OPEN,0.0
2026-03-20 09:08:22,-19.86,39.19,1024.82,OPEN,0.0
2026-03-20 09:08:32,-19.83,39.29,1024.81,OPEN,0.0
2026-03-20 09:08:42,-19.81,39.38,1024.8,OPEN,0.0
2026-03-20 09:08:52,-19.77,39.47,1024.82,OPEN,0.0
2026-03-20 09:09:02,-19.74,39.56,1024.82,OPEN,0.0
2026-03-20 09:09:12,-19.71,39.64,1024.82,OPEN,0.0
2026-03-20 09:09:22,-19.68,39.71,1024.81,OPEN,0.0
2026-03-20 09:09:32,-19.65,39.79,1024.82,OPEN,0.0
2026-03-20 09:09:42,-19.63,39.86,1024.79,OPEN,0.0
2026-03-20 09:09:52,-19.6,39.92,1024.79,OPEN,0.0
2026-03-20 09:10:02,-19.57,39.98,1024.77,OPEN,0.0
2026-03-20 09:10:12,-19.54,40.03,1024.77,OPEN,0.0
2026-03-20 09:10:22,-19.51,40.08,1024.78,OPEN,0.0
2026-03-20 09:10:32,-19.48,40.13,1024.76,OPEN,0.0
2026-03-20 09:10:42,-19.45,40.17,1024.77,OPEN,0.0
2026-03-20 09:10:52,-19.42,40.23,1024.77,OPEN,0.0
2026-03-20 09:11:02,-19.4,40.26,1024.77,OPEN,0.0
2026-03-20 09:11:12,-19.36,40.29,1024.79,OPEN,0.0
2026-03-20 09:11:22,-19.34,40.33,1024.78,OPEN,0.0
2026-03-20 09:11:32,-19.31,40.35,1024.77,OPEN,0.0
2026-03-20 09:11:42,-19.28,40.38,1024.77,OPEN,0.0
2026-03-20 09:11:52,-19.26,40.4,1024.77,OPEN,0.0
2026-03-20 09:12:02,-19.23,40.42,1024.77,OPEN,0.0
2026-03-20 09:12:12,-19.2,40.43,1024.79,OPEN,0.0
2026-03-20 09:12:22,-19.18,40.45,1024.77,OPEN,0.0
2026-03-20 09:12:32,-19.15,40.45,1024.77,OPEN,0.0
2026-03-20 09:12:42,-19.12,40.47,1024.79,OPEN,0.0
2026-03-20 09:12:52,-19.1,40.47,1024.8,OPEN,0.0
2026-03-20 09:13:02,-19.07,40.49,1024.8,OPEN,0.0
2026-03-20 09:13:12,-19.04,40.49,1024.78,OPEN,0.0
2026-03-20 09:13:22,-19.01,40.49,1024.78,OPEN,0.0
2026-03-20 09:13:32,-18.99,40.5,1024.79,OPEN,0.0
2026-03-20 09:13:42,-18.96,40.49,1024.77,OPEN,0.0
2026-03-20 09:13:52,-18.94,40.49,1024.8,OPEN,0.0
2026-03-20 09:14:02,-18.91,40.48,1024.8,OPEN,0.0
2026-03-20 09:14:12,-18.89,40.47,1024.77,OPEN,0.0
2026-03-20 09:14:22,-18.87,40.46,1024.79,OPEN,0.0
2026-03-20 09:14:32,-18.84,40.45,1024.76,OPEN,0.0
2026-03-20 09:14:42,-18.82,40.44,1024.76,OPEN,0.0
2026-03-20 09:14:52,-18.8,40.44,1024.76,OPEN,0.0
2026-03-20 09:15:02,-18.77,40.42,1024.77,OPEN,0.0
2026-03-20 09:15:12,-18.75,40.41,1024.76,OPEN,0.0
2026-03-20 09:15:22,-18.73,40.4,1024.76,OPEN,0.0
2026-03-20 09:15:32,-18.71,40.38,1024.75,OPEN,0.0
2026-03-20 09:15:42,-18.68,40.37,1024.77,OPEN,0.0
2026-03-20 09:15:52,-18.67,40.35,1024.76,OPEN,0.0
2026-03-20 09:16:02,-18.64,40.33,1024.75,OPEN,0.0
2026-03-20 09:16:12,-18.62,40.31,1024.76,OPEN,0.0
2026-03-20 09:16:22,-18.6,40.3,1024.75,OPEN,0.0
2026-03-20 09:16:32,-18.58,40.28,1024.76,OPEN,0.0
2026-03-20 09:16:42,-18.56,40.27,1024.76,OPEN,0.0
2026-03-20 09:16:52,-18.54,40.24,1024.76,OPEN,0.0
2026-03-20 09:17:02,-18.52,40.22,1024.74,OPEN,0.0
2026-03-20 09:17:12,-18.5,40.19,1024.74,OPEN,0.0
2026-03-20 09:17:22,-18.47,40.16,1024.78,OPEN,0.0
2026-03-20 09:17:32,-18.45,40.15,1024.76,OPEN,0.0
2026-03-20 09:17:42,-18.43,40.12,1024.75,OPEN,0.0
2026-03-20 09:17:52,-18.41,40.11,1024.76,OPEN,0.0
2026-03-20 09:18:02,-18.4,40.08,1024.77,OPEN,0.0
2026-03-20 09:18:12,-18.38,40.06,1024.76,OPEN,0.0
2026-03-20 09:18:22,-18.36,40.03,1024.75,OPEN,0.0
2026-03-20 09:18:32,-18.34,40.01,1024.75,OPEN,0.0
2026-03-20 09:18:42,-18.32,39.99,1024.75,OPEN,0.0
2026-03-20 09:18:52,-18.3,39.97,1024.75,OPEN,0.0
2026-03-20 09:19:02,-18.28,39.94,1024.76,OPEN,0.0
2026-03-20 09:19:12,-18.26,39.92,1024.75,OPEN,0.0
2026-03-20 09:19:22,-18.25,39.9,1024.76,OPEN,0.0
2026-03-20 09:19:32,-18.22,39.88,1024.75,OPEN,0.0
2026-03-20 09:19:42,-18.2,39.86,1024.74,OPEN,0.0
2026-03-20 09:19:52,-18.19,39.83,1024.7,OPEN,0.0
2026-03-20 09:20:02,-18.17,39.82,1024.71,OPEN,0.0
2026-03-20 09:20:12,-18.15,39.8,1024.68,OPEN,0.0
2026-03-20 09:20:22,-18.13,39.78,1024.71,OPEN,0.0
2026-03-20 09:20:32,-18.11,39.76,1024.7,OPEN,0.0
2026-03-20 09:20:42,-18.09,39.74,1024.71,OPEN,0.0
2026-03-20 09:20:52,-18.07,39.73,1024.7,OPEN,0.0
2026-03-20 09:21:02,-18.05,39.7,1024.71,OPEN,0.0
2026-03-20 09:21:12,-18.03,39.69,1024.71,OPEN,0.0
2026-03-20 09:21:22,-18.02,39.67,1024.69,OPEN,0.0
2026-03-20 09:21:32,-18.0,39.65,1024.69,OPEN,0.0
2026-03-20 09:21:42,-17.98,39.63,1024.68,OPEN,0.0
2026-03-20 09:21:52,-17.97,39.6,1024.67,OPEN,0.0
2026-03-20 09:22:02,-17.95,39.58,1024.68,OPEN,0.0
2026-03-20 09:22:12,-17.94,39.56,1024.66,OPEN,0.0
2026-03-20 09:22:22,-17.92,39.54,1024.67,OPEN,0.0
2026-03-20 09:22:32,-17.9,39.51,1024.66,OPEN,0.0
2026-03-20 09:22:42,-17.88,39.5,1024.67,OPEN,0.0
2026-03-20 09:22:52,-17.87,39.47,1024.65,OPEN,0.0
2026-03-20 09:23:02,-17.85,39.45,1024.68,OPEN,0.0
2026-03-20 09:23:12,-17.83,39.44,1024.67,OPEN,0.0
2026-03-20 09:23:22,-17.82,39.41,1024.67,OPEN,0.0
2026-03-20 09:23:32,-17.8,39.39,1024.67,OPEN,0.0
2026-03-20 09:23:42,-17.79,39.37,1024.67,OPEN,0.0
2026-03-20 09:23:52,-17.76,39.35,1024.67,OPEN,0.0
2026-03-20 09:24:02,-17.75,39.33,1024.66,OPEN,0.0
2026-03-20 09:24:12,-17.74,39.3,1024.66,OPEN,0.0
2026-03-20 09:24:22,-17.72,39.28,1024.66,OPEN,0.0
2026-03-20 09:24:32,-17.71,39.26,1024.66,OPEN,0.0
2026-03-20 09:24:42,-17.7,39.23,1024.62,OPEN,0.0
2026-03-20 09:24:52,-17.68,39.21,1024.63,OPEN,0.0
2026-03-20 09:25:02,-17.67,39.19,1024.65,OPEN,0.0
2026-03-20 09:25:12,-17.65,39.17,1024.64,OPEN,0.0
2026-03-20 09:25:23,-17.64,39.14,1024.63,OPEN,0.0
2026-03-20 09:25:33,-17.63,39.11,1024.64,OPEN,0.0
2026-03-20 09:25:43,-17.61,39.1,1024.62,OPEN,0.0
2026-03-20 09:25:53,-17.6,39.08,1024.62,OPEN,0.0
2026-03-20 09:26:03,-17.59,39.04,1024.62,OPEN,0.0
2026-03-20 09:26:13,-17.57,39.02,1024.64,OPEN,0.0
2026-03-20 09:26:23,-17.56,39.0,1024.65,OPEN,0.0
2026-03-20 09:26:33,-17.55,38.98,1024.65,OPEN,0.0
2026-03-20 09:26:43,-17.53,38.95,1024.64,OPEN,0.0
2026-03-20 09:26:53,-17.52,38.92,1024.64,OPEN,0.0
2026-03-20 09:27:03,-17.5,38.9,1024.64,OPEN,0.0
2026-03-20 09:27:13,-17.49,38.87,1024.65,OPEN,0.0
2026-03-20 09:27:23,-17.48,38.84,1024.63,OPEN,0.0
2026-03-20 09:27:33,-17.46,38.81,1024.63,OPEN,0.0
2026-03-20 09:27:43,-17.45,38.79,1024.64,OPEN,0.0
2026-03-20 09:27:53,-17.44,38.77,1024.64,OPEN,0.0
2026-03-20 09:28:03,-17.43,38.74,1024.61,OPEN,0.0
2026-03-20 09:28:13,-17.41,38.71,1024.62,OPEN,0.0
2026-03-20 09:28:23,-17.4,38.69,1024.6,OPEN,0.0
2026-03-20 09:28:33,-17.39,38.67,1024.6,OPEN,0.0
2026-03-20 09:28:43,-17.37,38.64,1024.59,OPEN,0.0
2026-03-20 09:28:53,-17.36,38.62,1024.61,OPEN,0.0
2026-03-20 09:29:03,-17.35,38.59,1024.61,OPEN,0.0
2026-03-20 09:29:13,-17.34,38.57,1024.6,OPEN,0.0
2026-03-20 09:29:23,-17.33,38.55,1024.59,OPEN,0.0
2026-03-20 09:29:33,-17.32,38.52,1024.58,OPEN,0.0
2026-03-20 09:29:43,-17.31,38.5,1024.58,OPEN,0.0
2026-03-20 09:29:53,-17.3,38.48,1024.59,OPEN,0.0
2026-03-20 09:30:03,-17.28,38.45,1024.58,OPEN,0.0
2026-03-20 09:30:13,-17.27,38.43,1024.58,OPEN,0.0
2026-03-20 09:30:23,-17.26,38.41,1024.57,OPEN,0.0
2026-03-20 09:30:33,-17.25,38.39,1024.58,OPEN,0.0
2026-03-20 09:30:43,-17.24,38.37,1024.57,OPEN,0.0
2026-03-20 09:30:53,-17.23,38.35,1024.56,OPEN,0.0
2026-03-20 09:31:03,-17.22,38.33,1024.58,OPEN,0.0
2026-03-20 09:31:13,-17.2,38.31,1024.59,OPEN,0.0
2026-03-20 09:31:23,-17.19,38.29,1024.58,OPEN,0.0
2026-03-20 09:31:33,-17.18,38.28,1024.58,OPEN,0.0
2026-03-20 09:31:43,-17.17,38.26,1024.58,OPEN,0.0
2026-03-20 09:31:53,-17.16,38.24,1024.58,OPEN,0.0
2026-03-20 09:32:03,-17.15,38.22,1024.58,OPEN,0.0
2026-03-20 09:32:13,-17.14,38.19,1024.59,OPEN,0.0
2026-03-20 09:32:23,-17.13,38.18,1024.58,OPEN,0.0
2026-03-20 09:32:33,-17.12,38.16,1024.58,OPEN,0.0
2026-03-20 09:32:43,-17.11,38.15,1024.57,OPEN,0.0
2026-03-20 09:32:53,-17.1,38.13,1024.56,OPEN,0.0
2026-03-20 09:33:03,-17.1,38.11,1024.55,OPEN,0.0
2026-03-20 09:33:13,-17.09,38.1,1024.55,OPEN,0.0
2026-03-20 09:33:23,-17.08,38.08,1024.57,OPEN,0.0
2026-03-20 09:33:33,-17.07,38.07,1024.58,OPEN,0.0
2026-03-20 09:33:43,-17.06,38.05,1024.55,OPEN,0.0
2026-03-20 09:33:53,-17.05,38.04,1024.57,OPEN,0.0
2026-03-20 09:34:03,-17.05,38.03,1024.56,OPEN,0.0
2026-03-20 09:34:13,-17.04,38.01,1024.55,OPEN,0.0
2026-03-20 09:34:23,-17.04,38.0,1024.54,OPEN,0.0
2026-03-20 09:34:33,-17.03,37.99,1024.56,OPEN,0.0
2026-03-20 09:34:43,-17.02,37.98,1024.54,OPEN,0.0
2026-03-20 09:34:53,-17.01,37.97,1024.56,OPEN,0.0
2026-03-20 09:35:03,-17.01,37.96,1024.55,OPEN,0.0
2026-03-20 09:35:13,-17.0,37.95,1024.55,OPEN,0.0
2026-03-20 09:35:23,-16.99,37.94,1024.56,OPEN,0.0
2026-03-20 09:35:33,-16.99,37.93,1024.57,OPEN,0.0
2026-03-20 09:35:43,-16.98,37.92,1024.56,OPEN,0.0
2026-03-20 09:35:53,-16.98,37.91,1024.57,OPEN,0.0
2026-03-20 09:36:03,-16.97,37.91,1024.57,OPEN,0.0
2026-03-20 09:36:13,-16.97,37.9,1024.57,OPEN,0.0
2026-03-20 09:36:23,-16.96,37.9,1024.56,OPEN,0.0
2026-03-20 09:36:33,-16.95,37.89,1024.57,OPEN,0.0
2026-03-20 09:36:43,-16.95,37.88,1024.55,OPEN,0.0
2026-03-20 09:36:53,-16.95,37.88,1024.58,OPEN,0.0
2026-03-20 09:37:03,-16.94,37.87,1024.57,OPEN,0.0
2026-03-20 09:37:13,-16.93,37.87,1024.57,OPEN,0.0
2026-03-20 09:37:23,-16.93,37.86,1024.59,OPEN,0.0
2026-03-20 09:37:33,-16.92,37.85,1024.57,OPEN,0.0
2026-03-20 09:37:43,-16.92,37.85,1024.55,OPEN,0.0
2026-03-20 09:37:53,-16.91,37.85,1024.57,OPEN,0.0
2026-03-20 09:38:03,-16.91,37.84,1024.57,OPEN,0.0
2026-03-20 09:38:13,-16.9,37.83,1024.58,OPEN,0.0
2026-03-20 09:38:23,-16.9,37.82,1024.55,OPEN,0.0
2026-03-20 09:38:33,-16.89,37.82,1024.56,OPEN,0.0
2026-03-20 09:38:43,-16.89,37.82,1024.57,OPEN,0.0
2026-03-20 09:38:53,-16.89,37.82,1024.56,OPEN,0.0
2026-03-20 09:39:03,-16.88,37.81,1024.58,OPEN,0.0
2026-03-20 09:39:13,-16.88,37.81,1024.57,OPEN,0.0
2026-03-20 09:39:23,-16.87,37.81,1024.57,OPEN,0.0
2026-03-20 09:39:33,-16.87,37.81,1024.56,OPEN,0.0
2026-03-20 09:39:43,-16.86,37.8,1024.55,OPEN,0.0
2026-03-20 09:39:53,-16.86,37.8,1024.56,OPEN,0.0
2026-03-20 09:40:03,-16.85,37.8,1024.55,OPEN,0.0
2026-03-20 09:40:13,-16.85,37.8,1024.55,OPEN,0.0
2026-03-20 09:40:23,-16.84,37.8,1024.56,OPEN,0.0
2026-03-20 09:40:33,-16.84,37.8,1024.54,OPEN,0.0
2026-03-20 09:40:43,-16.83,37.8,1024.54,OPEN,0.0
2026-03-20 09:40:53,-16.83,37.79,1024.55,OPEN,0.0
2026-03-20 09:41:03,-16.82,37.79,1024.57,OPEN,0.0
2026-03-20 09:41:13,-16.82,37.79,1024.56,OPEN,0.0
2026-03-20 09:41:23,-16.81,37.79,1024.55,OPEN,0.0
2026-03-20 09:41:33,-16.81,37.79,1024.55,OPEN,0.0
2026-03-20 09:41:43,-16.8,37.78,1024.56,OPEN,0.0
2026-03-20 09:41:53,-16.79,37.78,1024.57,OPEN,0.0
2026-03-20 09:42:03,-16.79,37.78,1024.56,OPEN,0.0
2026-03-20 09:42:13,-16.78,37.77,1024.57,OPEN,0.0
2026-03-20 09:42:23,-16.78,37.77,1024.56,OPEN,0.0
2026-03-20 09:42:33,-16.77,37.77,1024.57,OPEN,0.0
2026-03-20 09:42:43,-16.77,37.77,1024.57,OPEN,0.0
2026-03-20 09:42:53,-16.76,37.77,1024.56,OPEN,0.0
2026-03-20 09:43:03,-16.76,37.77,1024.55,OPEN,0.0
2026-03-20 09:43:13,-16.75,37.77,1024.56,OPEN,0.0
2026-03-20 09:43:23,-16.74,37.77,1024.54,OPEN,0.0
2026-03-20 09:43:33,-16.74,37.78,1024.56,OPEN,0.0
2026-03-20 09:43:43,-16.73,37.78,1024.55,OPEN,0.0
2026-03-20 09:43:53,-16.73,37.78,1024.56,OPEN,0.0
2026-03-20 09:44:03,-16.72,37.78,1024.56,OPEN,0.0
2026-03-20 09:44:13,-16.72,37.77,1024.54,OPEN,0.0
2026-03-20 09:44:23,-16.71,37.76,1024.55,OPEN,0.0
2026-03-20 09:44:33,-16.71,37.76,1024.55,OPEN,0.0
2026-03-20 09:44:43,-16.7,37.75,1024.55,OPEN,0.0
2026-03-20 09:44:53,-16.69,37.74,1024.56,OPEN,0.0
2026-03-20 09:45:03,-16.69,37.73,1024.58,OPEN,0.0
2026-03-20 09:45:13,-16.68,37.72,1024.56,OPEN,0.0
2026-03-20 09:45:23,-16.67,37.71,1024.56,OPEN,0.0
2026-03-20 09:45:33,-16.67,37.69,1024.58,OPEN,0.0
2026-03-20 09:45:43,-16.66,37.68,1024.58,OPEN,0.0
2026-03-20 09:45:53,-16.65,37.67,1024.58,OPEN,0.0
2026-03-20 09:46:03,-16.64,37.65,1024.56,OPEN,0.0
2026-03-20 09:46:13,-16.64,37.64,1024.56,OPEN,0.0
2026-03-20 09:46:23,-16.63,37.63,1024.57,OPEN,0.0
2026-03-20 09:46:33,-16.62,37.62,1024.56,OPEN,0.0
2026-03-20 09:46:43,-16.61,37.6,1024.57,OPEN,0.0
2026-03-20 09:46:53,-16.61,37.59,1024.55,OPEN,0.0
2026-03-20 09:47:03,-16.6,37.58,1024.57,OPEN,0.0
2026-03-20 09:47:13,-16.6,37.56,1024.55,OPEN,0.0
2026-03-20 09:47:23,-16.58,37.55,1024.58,OPEN,0.0
2026-03-20 09:47:33,-16.57,37.54,1024.57,OPEN,0.0
2026-03-20 09:47:43,-16.57,37.52,1024.57,OPEN,0.0
2026-03-20 09:47:53,-16.57,37.5,1024.57,OPEN,0.0
2026-03-20 09:48:03,-16.56,37.49,1024.56,OPEN,0.0
2026-03-20 09:48:13,-16.55,37.48,1024.55,OPEN,0.0
2026-03-20 09:48:24,-16.54,37.47,1024.58,OPEN,0.0
2026-03-20 09:48:34,-16.54,37.46,1024.6,OPEN,0.0
2026-03-20 09:48:44,-16.53,37.45,1024.59,OPEN,0.0
2026-03-20 09:48:54,-16.52,37.44,1024.57,OPEN,0.0
2026-03-20 09:49:04,-16.52,37.43,1024.58,OPEN,0.0
2026-03-20 09:49:14,-16.51,37.43,1024.57,OPEN,0.0
2026-03-20 09:49:24,-16.5,37.43,1024.56,OPEN,0.0
2026-03-20 09:49:34,-16.5,37.41,1024.57,OPEN,0.0
2026-03-20 09:49:44,-16.49,37.41,1024.6,OPEN,0.0
2026-03-20 09:49:54,-16.48,37.4,1024.58,OPEN,0.0
2026-03-20 09:50:04,-16.47,37.39,1024.58,OPEN,0.0
2026-03-20 09:50:14,-16.47,37.38,1024.58,OPEN,0.0
2026-03-20 09:50:24,-16.46,37.38,1024.56,OPEN,0.0
2026-03-20 09:50:34,-16.46,37.37,1024.57,OPEN,0.0
2026-03-20 09:50:44,-16.45,37.36,1024.59,OPEN,0.0
2026-03-20 09:50:54,-16.45,37.35,1024.58,OPEN,0.0
2026-03-20 09:51:04,-16.44,37.34,1024.6,OPEN,0.0
2026-03-20 09:51:14,-16.44,37.34,1024.58,OPEN,0.0
2026-03-20 09:51:24,-16.43,37.33,1024.57,OPEN,0.0
2026-03-20 09:51:34,-16.43,37.33,1024.58,OPEN,0.0
2026-03-20 09:51:44,-16.42,37.31,1024.56,OPEN,0.0
2026-03-20 09:51:54,-16.42,37.3,1024.57,OPEN,0.0
2026-03-20 09:52:04,-16.41,37.3,1024.57,OPEN,0.0
2026-03-20 09:52:14,-16.41,37.29,1024.57,OPEN,0.0
2026-03-20 09:52:24,-16.4,37.29,1024.58,OPEN,0.0
2026-03-20 09:52:34,-16.4,37.28,1024.55,OPEN,0.0
2026-03-20 09:52:44,-16.4,37.28,1024.55,OPEN,0.0
2026-03-20 09:52:54,-16.39,37.27,1024.54,OPEN,0.0
2026-03-20 09:53:04,-16.39,37.27,1024.54,OPEN,0.0
2026-03-20 09:53:14,-16.39,37.26,1024.55,OPEN,0.0
2026-03-20 09:53:24,-16.39,37.26,1024.53,OPEN,0.0
2026-03-20 09:53:34,-16.38,37.25,1024.54,OPEN,0.0
2026-03-20 09:53:44,-16.38,37.25,1024.53,OPEN,0.0
2026-03-20 09:53:54,-16.38,37.25,1024.52,OPEN,0.0
2026-03-20 09:54:04,-16.38,37.24,1024.54,OPEN,0.0
2026-03-20 09:54:14,-16.37,37.25,1024.53,OPEN,0.0
2026-03-20 09:54:24,-16.37,37.24,1024.55,OPEN,0.0
2026-03-20 09:54:34,-16.37,37.24,1024.54,OPEN,0.0
2026-03-20 09:54:44,-16.36,37.23,1024.54,OPEN,0.0
2026-03-20 09:54:54,-16.36,37.22,1024.54,OPEN,0.0
2026-03-20 09:55:04,-16.36,37.23,1024.54,OPEN,0.0
2026-03-20 09:55:14,-16.36,37.23,1024.52,OPEN,0.0
2026-03-20 09:55:24,-16.35,37.23,1024.54,OPEN,0.0
2026-03-20 09:55:34,-16.35,37.26,1024.52,OPEN,0.0
2026-03-20 09:55:44,-16.35,37.32,1024.53,OPEN,0.0
2026-03-20 09:55:54,-16.36,37.35,1024.53,OPEN,0.0
2026-03-20 09:56:04,-16.37,37.35,1024.52,OPEN,0.0
2026-03-20 09:56:14,-16.39,37.32,1024.55,OPEN,0.0
2026-03-20 09:56:24,-16.41,37.25,1024.54,OPEN,0.0
2026-03-20 09:56:34,-16.43,37.16,1024.57,OPEN,0.0
2026-03-20 09:56:44,-16.46,37.03,1024.56,OPEN,0.0
2026-03-20 09:56:54,-16.5,36.88,1024.56,OPEN,0.0
2026-03-20 09:57:04,-16.53,36.69,1024.57,OPEN,0.0
2026-03-20 09:57:14,-16.56,36.5,1024.55,OPEN,0.0
2026-03-20 09:57:24,-16.6,36.3,1024.54,OPEN,0.0
2026-03-20 09:57:34,-16.64,36.07,1024.53,OPEN,0.0
2026-03-20 09:57:44,-16.68,35.86,1024.54,OPEN,0.0
2026-03-20 09:57:54,-16.72,35.64,1024.54,OPEN,0.0
2026-03-20 09:58:04,-16.76,35.42,1024.54,OPEN,0.0
2026-03-20 09:58:14,-16.8,35.21,1024.56,OPEN,0.0
2026-03-20 09:58:24,-16.83,35.0,1024.54,OPEN,0.0
2026-03-20 09:58:34,-16.87,34.77,1024.54,OPEN,0.0
2026-03-20 09:58:44,-16.91,34.59,1024.58,OPEN,0.0
2026-03-20 09:58:54,-16.95,34.42,1024.57,OPEN,0.0
2026-03-20 09:59:04,-16.99,34.25,1024.56,OPEN,0.0
2026-03-20 09:59:14,-17.03,34.08,1024.58,OPEN,0.0
2026-03-20 09:59:24,-17.07,33.9,1024.57,OPEN,0.0
2026-03-20 09:59:34,-17.11,33.74,1024.56,OPEN,0.0
2026-03-20 09:59:44,-17.15,33.58,1024.59,OPEN,0.0
2026-03-20 09:59:54,-17.19,33.4,1024.59,OPEN,0.0
2026-03-20 10:00:04,-17.23,33.25,1024.59,OPEN,0.0
2026-03-20 10:00:14,-17.27,33.11,1024.57,OPEN,0.0
2026-03-20 10:00:24,-17.32,32.98,1024.58,OPEN,0.0
2026-03-20 10:00:34,-17.36,32.89,1024.57,OPEN,0.0
2026-03-20 10:00:44,-17.4,32.77,1024.58,OPEN,0.0
2026-03-20 10:00:54,-17.44,32.64,1024.55,OPEN,0.0
2026-03-20 10:01:04,-17.49,32.55,1024.56,OPEN,0.0
2026-03-20 10:01:14,-17.54,32.44,1024.56,OPEN,0.0
2026-03-20 10:01:24,-17.59,32.35,1024.57,OPEN,0.0
2026-03-20 10:01:34,-17.63,32.25,1024.55,OPEN,0.0
2026-03-20 10:01:44,-17.67,32.16,1024.54,OPEN,0.0
2026-03-20 10:01:54,-17.72,32.06,1024.55,OPEN,0.0
2026-03-20 10:02:04,-17.76,31.98,1024.54,OPEN,0.0
2026-03-20 10:02:14,-17.81,31.9,1024.54,OPEN,0.0
2026-03-20 10:02:24,-17.87,31.81,1024.52,OPEN,0.0
2026-03-20 10:02:34,-17.91,31.73,1024.53,OPEN,0.0
2026-03-20 10:02:44,-17.95,31.65,1024.53,OPEN,0.0
2026-03-20 10:02:54,-18.0,31.59,1024.53,OPEN,0.0
2026-03-20 10:03:04,-18.05,31.53,1024.55,OPEN,0.0
2026-03-20 10:03:14,-18.09,31.45,1024.55,OPEN,0.0
2026-03-20 10:03:24,-18.14,31.38,1024.53,OPEN,0.0
2026-03-20 10:03:34,-18.18,31.32,1024.53,OPEN,0.0
2026-03-20 10:03:44,-18.22,31.25,1024.54,OPEN,0.0
2026-03-20 10:03:54,-18.27,31.19,1024.53,OPEN,0.0
2026-03-20 10:04:04,-18.31,31.13,1024.53,OPEN,0.0
2026-03-20 10:04:14,-18.35,31.08,1024.56,OPEN,0.0
2026-03-20 10:04:24,-18.4,31.03,1024.56,OPEN,0.0
2026-03-20 10:04:34,-18.45,30.98,1024.57,OPEN,0.0
2026-03-20 10:04:44,-18.5,30.93,1024.56,OPEN,0.0
2026-03-20 10:04:54,-18.54,30.88,1024.57,OPEN,0.0
2026-03-20 10:05:04,-18.59,30.84,1024.57,OPEN,0.0
2026-03-20 10:05:14,-18.63,30.81,1024.57,OPEN,0.0
2026-03-20 10:05:24,-18.67,30.76,1024.57,OPEN,0.0
2026-03-20 10:05:34,-18.72,30.72,1024.57,OPEN,0.0
2026-03-20 10:05:44,-18.76,30.67,1024.56,OPEN,0.0
2026-03-20 10:05:54,-18.8,30.64,1024.55,OPEN,0.0
2026-03-20 10:06:04,-18.85,30.6,1024.57,OPEN,0.0
2026-03-20 10:06:14,-18.89,30.57,1024.55,OPEN,0.0
2026-03-20 10:06:24,-18.94,30.53,1024.55,OPEN,0.0
2026-03-20 10:06:34,-18.98,30.5,1024.56,OPEN,0.0
2026-03-20 10:06:44,-19.02,30.47,1024.57,OPEN,0.0
2026-03-20 10:06:54,-19.07,30.43,1024.58,OPEN,0.0
2026-03-20 10:07:04,-19.12,30.4,1024.58,OPEN,0.0
2026-03-20 10:07:14,-19.16,30.37,1024.56,OPEN,0.0
2026-03-20 10:07:24,-19.2,30.34,1024.59,OPEN,0.0
2026-03-20 10:07:34,-19.24,30.3,1024.58,OPEN,0.0
2026-03-20 10:07:44,-19.29,30.28,1024.58,OPEN,0.0
2026-03-20 10:07:54,-19.33,30.26,1024.58,OPEN,0.0
2026-03-20 10:08:04,-19.37,30.24,1024.58,OPEN,0.0
2026-03-20 10:08:14,-19.42,30.22,1024.59,OPEN,0.0
2026-03-20 10:08:24,-19.46,30.21,1024.59,OPEN,0.0
2026-03-20 10:08:34,-19.51,30.19,1024.58,OPEN,0.0
2026-03-20 10:08:44,-19.55,30.17,1024.57,OPEN,0.0
2026-03-20 10:08:54,-19.59,30.15,1024.57,OPEN,0.0
2026-03-20 10:09:04,-19.64,30.13,1024.56,OPEN,0.0
2026-03-20 10:09:14,-19.67,30.11,1024.58,OPEN,0.0
2026-03-20 10:09:24,-19.72,30.08,1024.59,OPEN,0.0
2026-03-20 10:09:34,-19.76,30.06,1024.6,OPEN,0.0
2026-03-20 10:09:44,-19.8,30.03,1024.59,OPEN,0.0
2026-03-20 10:09:54,-19.84,30.02,1024.62,OPEN,0.0
2026-03-20 10:10:04,-19.88,30.0,1024.63,OPEN,0.0
2026-03-20 10:10:14,-19.92,29.98,1024.65,OPEN,0.0
2026-03-20 10:10:24,-19.96,29.96,1024.63,OPEN,0.0
2026-03-20 10:10:34,-20.0,29.95,1024.64,OPEN,0.0
2026-03-20 10:10:44,-20.04,29.93,1024.65,OPEN,0.0
2026-03-20 10:10:54,-20.08,29.93,1024.64,OPEN,0.0
2026-03-20 10:11:04,-20.12,29.92,1024.65,OPEN,0.0
2026-03-20 10:11:14,-20.16,29.9,1024.63,OPEN,0.0
2026-03-20 10:11:24,-20.2,29.9,1024.64,OPEN,0.0
2026-03-20 10:11:35,-20.24,29.89,1024.64,OPEN,0.0
2026-03-20 10:11:45,-20.28,29.87,1024.64,OPEN,0.0
2026-03-20 10:11:55,-20.32,29.86,1024.63,OPEN,0.0
2026-03-20 10:12:05,-20.35,29.85,1024.64,OPEN,0.0
2026-03-20 10:12:15,-20.4,29.84,1024.63,OPEN,0.0
2026-03-20 10:12:25,-20.44,29.83,1024.62,OPEN,0.0
2026-03-20 10:12:35,-20.47,29.81,1024.62,OPEN,0.0
2026-03-20 10:12:45,-20.51,29.81,1024.6,OPEN,0.0
2026-03-20 10:12:55,-20.55,29.79,1024.62,OPEN,0.0
2026-03-20 10:13:05,-20.59,29.79,1024.62,OPEN,0.0
2026-03-20 10:13:15,-20.62,29.78,1024.63,OPEN,0.0
2026-03-20 10:13:25,-20.66,29.77,1024.63,OPEN,0.0
2026-03-20 10:13:35,-20.69,29.79,1024.65,OPEN,0.0
2026-03-20 10:13:45,-20.72,29.83,1024.66,OPEN,0.0
2026-03-20 10:13:55,-20.73,29.92,1024.64,OPEN,0.0
2026-03-20 10:14:05,-20.75,30.05,1024.66,OPEN,0.0
2026-03-20 10:14:15,-20.76,30.22,1024.66,OPEN,0.0
2026-03-20 10:14:25,-20.76,30.39,1024.64,OPEN,0.0
2026-03-20 10:14:35,-20.76,30.6,1024.65,OPEN,0.0
2026-03-20 10:14:45,-20.75,30.82,1024.65,OPEN,0.0
2026-03-20 10:14:55,-20.75,31.04,1024.65,OPEN,0.0
2026-03-20 10:15:05,-20.74,31.25,1024.65,OPEN,0.0
2026-03-20 10:15:15,-20.73,31.47,1024.66,OPEN,0.0
2026-03-20 10:15:25,-20.71,31.67,1024.66,OPEN,0.0
2026-03-20 10:15:35,-20.69,31.87,1024.68,OPEN,0.0
2026-03-20 10:15:45,-20.67,32.06,1024.67,OPEN,0.0
2026-03-20 10:15:55,-20.66,32.26,1024.65,OPEN,0.0
2026-03-20 10:16:05,-20.63,32.43,1024.66,OPEN,0.0
2026-03-20 10:16:15,-20.61,32.59,1024.65,OPEN,0.0
2026-03-20 10:16:25,-20.59,32.76,1024.65,OPEN,0.0
2026-03-20 10:16:35,-20.56,32.92,1024.63,OPEN,0.0
2026-03-20 10:16:45,-20.54,33.08,1024.64,OPEN,0.0
2026-03-20 10:16:55,-20.51,33.23,1024.63,OPEN,0.0
2026-03-20 10:17:05,-20.48,33.38,1024.63,OPEN,0.0
2026-03-20 10:17:15,-20.45,33.54,1024.63,OPEN,0.0
2026-03-20 10:17:25,-20.42,33.68,1024.64,OPEN,0.0
2026-03-20 10:17:35,-20.38,33.82,1024.65,OPEN,0.0
2026-03-20 10:17:45,-20.35,33.95,1024.66,OPEN,0.0
2026-03-20 10:17:55,-20.32,34.09,1024.65,OPEN,0.0
2026-03-20 10:18:05,-20.29,34.22,1024.64,OPEN,0.0
2026-03-20 10:18:15,-20.26,34.34,1024.64,OPEN,0.0
2026-03-20 10:18:25,-20.23,34.46,1024.65,OPEN,0.0
2026-03-20 10:18:35,-20.19,34.58,1024.65,OPEN,0.0
2026-03-20 10:18:45,-20.15,34.7,1024.66,OPEN,0.0
2026-03-20 10:18:55,-20.12,34.83,1024.62,OPEN,0.0
2026-03-20 10:19:05,-20.08,34.95,1024.62,OPEN,0.0
2026-03-20 10:19:15,-20.03,35.06,1024.62,OPEN,0.0
2026-03-20 10:19:25,-20.0,35.16,1024.64,OPEN,0.0
2026-03-20 10:19:35,-19.96,35.26,1024.61,OPEN,0.0
2026-03-20 10:19:45,-19.93,35.34,1024.61,OPEN,0.0
2026-03-20 10:19:55,-19.89,35.43,1024.6,OPEN,0.0
2026-03-20 10:20:05,-19.86,35.52,1024.59,OPEN,0.0
2026-03-20 10:20:15,-19.82,35.59,1024.59,OPEN,0.0
2026-03-20 10:20:25,-19.78,35.65,1024.62,OPEN,0.0
2026-03-20 10:20:35,-19.74,35.72,1024.59,OPEN,0.0
2026-03-20 10:20:45,-19.71,35.79,1024.59,OPEN,0.0
2026-03-20 10:20:55,-19.67,35.85,1024.62,OPEN,0.0
2026-03-20 10:21:05,-19.64,35.91,1024.56,OPEN,0.0
2026-03-20 10:21:15,-19.6,35.96,1024.56,OPEN,0.0
2026-03-20 10:21:25,-19.58,36.01,1024.56,OPEN,0.0
2026-03-20 10:21:35,-19.54,36.06,1024.55,OPEN,0.0
2026-03-20 10:21:45,-19.51,36.11,1024.55,OPEN,0.0
2026-03-20 10:21:55,-19.48,36.15,1024.56,OPEN,0.0
2026-03-20 10:22:05,-19.45,36.2,1024.57,OPEN,0.0
2026-03-20 10:22:15,-19.42,36.23,1024.56,OPEN,0.0
2026-03-20 10:22:25,-19.39,36.27,1024.6,OPEN,0.0
2026-03-20 10:22:35,-19.36,36.3,1024.57,OPEN,0.0
2026-03-20 10:22:45,-19.33,36.32,1024.57,OPEN,0.0
2026-03-20 10:22:55,-19.3,36.35,1024.56,OPEN,0.0
2026-03-20 10:23:05,-19.27,36.37,1024.57,OPEN,0.0
2026-03-20 10:23:15,-19.25,36.4,1024.57,OPEN,0.0
2026-03-20 10:23:25,-19.22,36.42,1024.57,OPEN,0.0
2026-03-20 10:23:35,-19.19,36.44,1024.57,OPEN,0.0
2026-03-20 10:23:45,-19.17,36.46,1024.56,OPEN,0.0
2026-03-20 10:23:55,-19.14,36.48,1024.57,OPEN,0.0
2026-03-20 10:24:05,-19.11,36.49,1024.57,OPEN,0.0
2026-03-20 10:24:15,-19.08,36.51,1024.59,OPEN,0.0
2026-03-20 10:24:25,-19.05,36.52,1024.58,OPEN,0.0
2026-03-20 10:24:35,-19.03,36.54,1024.58,OPEN,0.0
2026-03-20 10:24:45,-19.0,36.55,1024.6,OPEN,0.0
2026-03-20 10:24:55,-18.98,36.56,1024.59,OPEN,0.0
2026-03-20 10:25:05,-18.95,36.57,1024.58,OPEN,0.0
2026-03-20 10:25:15,-18.93,36.59,1024.59,OPEN,0.0
2026-03-20 10:25:25,-18.91,36.61,1024.59,OPEN,0.0
2026-03-20 10:25:35,-18.88,36.61,1024.6,OPEN,0.0
2026-03-20 10:25:45,-18.86,36.63,1024.59,OPEN,0.0
2026-03-20 10:25:55,-18.83,36.64,1024.59,OPEN,0.0
2026-03-20 10:26:05,-18.81,36.65,1024.58,OPEN,0.0
2026-03-20 10:26:15,-18.79,36.65,1024.58,OPEN,0.0
2026-03-20 10:26:25,-18.76,36.66,1024.59,OPEN,0.0
2026-03-20 10:26:35,-18.74,36.67,1024.6,OPEN,0.0
2026-03-20 10:26:45,-18.71,36.67,1024.6,OPEN,0.0
2026-03-20 10:26:55,-18.7,36.68,1024.58,OPEN,0.0
2026-03-20 10:27:05,-18.67,36.68,1024.59,OPEN,0.0
2026-03-20 10:27:15,-18.65,36.68,1024.59,OPEN,0.0
2026-03-20 10:27:25,-18.63,36.69,1024.57,OPEN,0.0
2026-03-20 10:27:35,-18.61,36.69,1024.57,OPEN,0.0
2026-03-20 10:27:45,-18.58,36.69,1024.55,OPEN,0.0
2026-03-20 10:27:55,-18.57,36.69,1024.56,OPEN,0.0
2026-03-20 10:28:05,-18.54,36.69,1024.55,OPEN,0.0
2026-03-20 10:28:15,-18.53,36.69,1024.54,OPEN,0.0
2026-03-20 10:28:25,-18.51,36.69,1024.57,OPEN,0.0
2026-03-20 10:28:35,-18.48,36.7,1024.56,OPEN,0.0
2026-03-20 10:28:45,-18.46,36.69,1024.57,OPEN,0.0
2026-03-20 10:28:55,-18.44,36.7,1024.58,OPEN,0.0
2026-03-20 10:29:05,-18.43,36.69,1024.57,OPEN,0.0
2026-03-20 10:29:15,-18.41,36.69,1024.56,OPEN,0.0
2026-03-20 10:29:25,-18.39,36.69,1024.58,OPEN,0.0
2026-03-20 10:29:35,-18.37,36.69,1024.56,OPEN,0.0
2026-03-20 10:29:45,-18.35,36.69,1024.58,OPEN,0.0
2026-03-20 10:29:55,-18.33,36.69,1024.58,OPEN,0.0
2026-03-20 10:30:05,-18.31,36.69,1024.56,OPEN,0.0
2026-03-20 10:30:15,-18.3,36.69,1024.54,OPEN,0.0
2026-03-20 10:30:25,-18.28,36.7,1024.51,OPEN,0.0
2026-03-20 10:30:35,-18.27,36.7,1024.52,OPEN,0.0
2026-03-20 10:30:45,-18.25,36.69,1024.51,OPEN,0.0
2026-03-20 10:30:55,-18.23,36.69,1024.52,OPEN,0.0
2026-03-20 10:31:05,-18.21,36.69,1024.52,OPEN,0.0
2026-03-20 10:31:15,-18.2,36.69,1024.51,OPEN,0.0
2026-03-20 10:31:25,-18.18,36.69,1024.54,OPEN,0.0
2026-03-20 10:31:35,-18.16,36.69,1024.52,OPEN,0.0
2026-03-20 10:31:45,-18.15,36.7,1024.51,OPEN,0.0
2026-03-20 10:31:55,-18.13,36.69,1024.51,OPEN,0.0
2026-03-20 10:32:05,-18.12,36.69,1024.5,OPEN,0.0
2026-03-20 10:32:15,-18.1,36.69,1024.51,OPEN,0.0
2026-03-20 10:32:25,-18.08,36.69,1024.5,OPEN,0.0
2026-03-20 10:32:35,-18.07,36.69,1024.52,OPEN,0.0
2026-03-20 10:32:45,-18.05,36.7,1024.51,OPEN,0.0
2026-03-20 10:32:55,-18.03,36.68,1024.52,OPEN,0.0
2026-03-20 10:33:05,-18.02,36.69,1024.53,OPEN,0.0
2026-03-20 10:33:15,-18.0,36.68,1024.51,OPEN,0.0
2026-03-20 10:33:25,-17.98,36.68,1024.51,OPEN,0.0
2026-03-20 10:33:35,-17.97,36.67,1024.52,OPEN,0.0
2026-03-20 10:33:45,-17.95,36.67,1024.52,OPEN,0.0
2026-03-20 10:33:55,-17.94,36.66,1024.53,OPEN,0.0
2026-03-20 10:34:05,-17.92,36.66,1024.53,OPEN,0.0
2026-03-20 10:34:15,-17.91,36.66,1024.51,OPEN,0.0
2026-03-20 10:34:25,-17.9,36.65,1024.5,OPEN,0.0
2026-03-20 10:34:36,-17.88,36.64,1024.5,OPEN,0.0
2026-03-20 10:34:46,-17.87,36.64,1024.5,OPEN,0.0
2026-03-20 10:34:56,-17.85,36.63,1024.47,OPEN,0.0
2026-03-20 10:35:06,-17.83,36.63,1024.5,OPEN,0.0
2026-03-20 10:35:16,-17.82,36.61,1024.5,OPEN,0.0
2026-03-20 10:35:26,-17.81,36.6,1024.5,OPEN,0.0
2026-03-20 10:35:36,-17.79,36.59,1024.49,OPEN,0.0
2026-03-20 10:35:46,-17.77,36.58,1024.5,OPEN,0.0
2026-03-20 10:35:56,-17.75,36.57,1024.51,OPEN,0.0
2026-03-20 10:36:06,-17.74,36.56,1024.5,OPEN,0.0
2026-03-20 10:36:16,-17.73,36.55,1024.53,OPEN,0.0
2026-03-20 10:36:26,-17.71,36.54,1024.52,OPEN,0.0
2026-03-20 10:36:36,-17.7,36.53,1024.51,OPEN,0.0
2026-03-20 10:36:46,-17.69,36.51,1024.49,OPEN,0.0
2026-03-20 10:36:56,-17.68,36.5,1024.53,OPEN,0.0
2026-03-20 10:37:06,-17.66,36.49,1024.5,OPEN,0.0
2026-03-20 10:37:16,-17.65,36.47,1024.52,OPEN,0.0
2026-03-20 10:37:26,-17.64,36.45,1024.52,OPEN,0.0
2026-03-20 10:37:36,-17.63,36.44,1024.53,OPEN,0.0
2026-03-20 10:37:46,-17.61,36.42,1024.52,OPEN,0.0
2026-03-20 10:37:56,-17.6,36.41,1024.51,OPEN,0.0
2026-03-20 10:38:06,-17.6,36.39,1024.53,OPEN,0.0
2026-03-20 10:38:16,-17.58,36.38,1024.54,OPEN,0.0
2026-03-20 10:38:26,-17.56,36.37,1024.54,OPEN,0.0
2026-03-20 10:38:36,-17.55,36.35,1024.53,OPEN,0.0
2026-03-20 10:38:46,-17.54,36.34,1024.54,OPEN,0.0
2026-03-20 10:38:56,-17.53,36.32,1024.55,OPEN,0.0
2026-03-20 10:39:06,-17.52,36.31,1024.54,OPEN,0.0
2026-03-20 10:39:16,-17.51,36.29,1024.52,OPEN,0.0
2026-03-20 10:39:26,-17.5,36.28,1024.52,OPEN,0.0
2026-03-20 10:39:36,-17.49,36.27,1024.53,OPEN,0.0
2026-03-20 10:39:46,-17.47,36.25,1024.56,OPEN,0.0
2026-03-20 10:39:56,-17.46,36.24,1024.54,OPEN,0.0
2026-03-20 10:40:06,-17.46,36.23,1024.54,OPEN,0.0
2026-03-20 10:40:16,-17.44,36.22,1024.54,OPEN,0.0
2026-03-20 10:40:26,-17.43,36.21,1024.54,OPEN,0.0
2026-03-20 10:40:36,-17.42,36.2,1024.55,OPEN,0.0
2026-03-20 10:40:46,-17.41,36.19,1024.54,OPEN,0.0
2026-03-20 10:40:56,-17.4,36.17,1024.54,OPEN,0.0
2026-03-20 10:41:06,-17.39,36.16,1024.54,OPEN,0.0
2026-03-20 10:41:16,-17.38,36.14,1024.52,OPEN,0.0
2026-03-20 10:41:26,-17.37,36.13,1024.52,OPEN,0.0
2026-03-20 10:41:36,-17.36,36.12,1024.52,OPEN,0.0
2026-03-20 10:41:46,-17.35,36.12,1024.53,OPEN,0.0
2026-03-20 10:41:56,-17.33,36.11,1024.53,OPEN,0.0
2026-03-20 10:42:06,-17.33,36.1,1024.53,OPEN,0.0
2026-03-20 10:42:16,-17.32,36.09,1024.53,OPEN,0.0
2026-03-20 10:42:26,-17.31,36.09,1024.52,OPEN,0.0
2026-03-20 10:42:36,-17.3,36.08,1024.52,OPEN,0.0
2026-03-20 10:42:46,-17.29,36.06,1024.52,OPEN,0.0
2026-03-20 10:42:56,-17.28,36.05,1024.52,OPEN,0.0
2026-03-20 10:43:06,-17.27,36.04,1024.51,OPEN,0.0
2026-03-20 10:43:16,-17.26,36.04,1024.53,OPEN,0.0
2026-03-20 10:43:26,-17.25,36.03,1024.51,OPEN,0.0
2026-03-20 10:43:36,-17.25,36.02,1024.51,OPEN,0.0
2026-03-20 10:43:46,-17.23,36.01,1024.52,OPEN,0.0
2026-03-20 10:43:56,-17.23,36.01,1024.52,OPEN,0.0
2026-03-20 10:44:06,-17.22,36.0,1024.51,OPEN,0.0
2026-03-20 10:44:16,-17.22,36.0,1024.51,OPEN,0.0
2026-03-20 10:44:26,-17.2,35.99,1024.52,OPEN,0.0
2026-03-20 10:44:36,-17.19,35.99,1024.52,OPEN,0.0
2026-03-20 10:44:46,-17.18,35.98,1024.52,OPEN,0.0
2026-03-20 10:44:56,-17.18,35.98,1024.52,OPEN,0.0
2026-03-20 10:45:06,-17.16,35.98,1024.54,OPEN,0.0
2026-03-20 10:45:16,-17.16,35.97,1024.51,OPEN,0.0
2026-03-20 10:45:26,-17.15,35.96,1024.51,OPEN,0.0
2026-03-20 10:45:36,-17.15,35.96,1024.51,OPEN,0.0
2026-03-20 10:45:46,-17.13,35.96,1024.54,OPEN,0.0
2026-03-20 10:45:56,-17.13,35.95,1024.52,OPEN,0.0
2026-03-20 10:46:06,-17.12,35.95,1024.51,OPEN,0.0
2026-03-20 10:46:16,-17.11,35.95,1024.51,OPEN,0.0
2026-03-20 10:46:26,-17.1,35.94,1024.52,OPEN,0.0
2026-03-20 10:46:36,-17.09,35.94,1024.51,OPEN,0.0
2026-03-20 10:46:46,-17.09,35.94,1024.51,OPEN,0.0
2026-03-20 10:46:56,-17.08,35.94,1024.51,OPEN,0.0
2026-03-20 10:47:06,-17.07,35.94,1024.51,OPEN,0.0
2026-03-20 10:47:16,-17.06,35.93,1024.5,OPEN,0.0
2026-03-20 10:47:26,-17.05,35.93,1024.48,OPEN,0.0
2026-03-20 10:47:36,-17.04,35.92,1024.48,OPEN,0.0
2026-03-20 10:47:46,-17.03,35.92,1024.48,OPEN,0.0
2026-03-20 10:47:56,-17.03,35.92,1024.48,OPEN,0.0
2026-03-20 10:48:06,-17.02,35.92,1024.48,OPEN,0.0
2026-03-20 10:48:16,-17.01,35.91,1024.49,OPEN,0.0
2026-03-20 10:48:26,-17.01,35.91,1024.47,OPEN,0.0
2026-03-20 10:48:36,-17.0,35.91,1024.48,OPEN,0.0
2026-03-20 10:48:46,-16.99,35.91,1024.47,OPEN,0.0
2026-03-20 10:48:56,-16.99,35.92,1024.46,OPEN,0.0
2026-03-20 10:49:06,-16.98,35.92,1024.46,OPEN,0.0
2026-03-20 10:49:16,-16.97,35.92,1024.45,OPEN,0.0
2026-03-20 10:49:26,-16.97,35.91,1024.45,OPEN,0.0
2026-03-20 10:49:36,-16.96,35.91,1024.45,OPEN,0.0
2026-03-20 10:49:46,-16.96,35.89,1024.47,OPEN,0.0
2026-03-20 10:49:56,-16.95,35.88,1024.45,OPEN,0.0
2026-03-20 10:50:06,-16.95,35.86,1024.44,OPEN,0.0
2026-03-20 10:50:16,-16.94,35.84,1024.43,OPEN,0.0
2026-03-20 10:50:26,-16.93,35.82,1024.45,OPEN,0.0
2026-03-20 10:50:36,-16.93,35.79,1024.46,OPEN,0.0
2026-03-20 10:50:46,-16.92,35.77,1024.45,OPEN,0.0
2026-03-20 10:50:56,-16.92,35.74,1024.44,OPEN,0.0
2026-03-20 10:51:06,-16.91,35.71,1024.41,OPEN,0.0
2026-03-20 10:51:16,-16.91,35.69,1024.4,OPEN,0.0
2026-03-20 10:51:26,-16.9,35.66,1024.4,OPEN,0.0
2026-03-20 10:51:36,-16.89,35.63,1024.4,OPEN,0.0
2026-03-20 10:51:46,-16.89,35.61,1024.41,OPEN,0.0
2026-03-20 10:51:56,-16.88,35.59,1024.41,OPEN,0.0
2026-03-20 10:52:06,-16.88,35.56,1024.41,OPEN,0.0
2026-03-20 10:52:16,-16.88,35.55,1024.39,OPEN,0.0
2026-03-20 10:52:26,-16.87,35.52,1024.41,OPEN,0.0
2026-03-20 10:52:36,-16.86,35.51,1024.38,OPEN,0.0
2026-03-20 10:52:46,-16.86,35.48,1024.39,OPEN,0.0
2026-03-20 10:52:56,-16.85,35.46,1024.39,OPEN,0.0
2026-03-20 10:53:06,-16.85,35.45,1024.39,OPEN,0.0
2026-03-20 10:53:16,-16.84,35.43,1024.41,OPEN,0.0
2026-03-20 10:53:26,-16.84,35.42,1024.39,OPEN,0.0
2026-03-20 10:53:36,-16.83,35.41,1024.4,OPEN,0.0
2026-03-20 10:53:46,-16.83,35.4,1024.38,OPEN,0.0
2026-03-20 10:53:56,-16.83,35.39,1024.39,OPEN,0.0
2026-03-20 10:54:06,-16.82,35.38,1024.37,OPEN,0.0
2026-03-20 10:54:16,-16.81,35.37,1024.39,OPEN,0.0
2026-03-20 10:54:26,-16.81,35.37,1024.39,OPEN,0.0
2026-03-20 10:54:36,-16.8,35.36,1024.4,OPEN,0.0
2026-03-20 10:54:46,-16.8,35.35,1024.37,OPEN,0.0
2026-03-20 10:54:56,-16.79,35.35,1024.37,OPEN,0.0
2026-03-20 10:55:06,-16.79,35.34,1024.38,OPEN,0.0
2026-03-20 10:55:16,-16.78,35.34,1024.4,OPEN,0.0
2026-03-20 10:55:26,-16.78,35.34,1024.41,OPEN,0.0
2026-03-20 10:55:36,-16.77,35.33,1024.4,OPEN,0.0
2026-03-20 10:55:46,-16.77,35.33,1024.39,OPEN,0.0
2026-03-20 10:55:56,-16.76,35.32,1024.4,OPEN,0.0
2026-03-20 10:56:06,-16.76,35.31,1024.41,OPEN,0.0
2026-03-20 10:56:16,-16.76,35.31,1024.4,OPEN,0.0
2026-03-20 10:56:26,-16.75,35.3,1024.43,OPEN,0.0
2026-03-20 10:56:36,-16.74,35.3,1024.43,OPEN,0.0
2026-03-20 10:56:46,-16.74,35.3,1024.42,OPEN,0.0
2026-03-20 10:56:56,-16.73,35.3,1024.42,OPEN,0.0
2026-03-20 10:57:06,-16.73,35.3,1024.41,OPEN,0.0
2026-03-20 10:57:16,-16.73,35.3,1024.41,OPEN,0.0
2026-03-20 10:57:26,-16.72,35.29,1024.41,OPEN,0.0
2026-03-20 10:57:37,-16.71,35.29,1024.42,OPEN,0.0
2026-03-20 10:57:47,-16.71,35.29,1024.4,OPEN,0.0
2026-03-20 10:57:57,-16.71,35.29,1024.4,OPEN,0.0
2026-03-20 10:58:07,-16.7,35.29,1024.42,OPEN,0.0
2026-03-20 10:58:17,-16.7,35.28,1024.43,OPEN,0.0
2026-03-20 10:58:27,-16.69,35.28,1024.42,OPEN,0.0
2026-03-20 10:58:37,-16.69,35.28,1024.41,OPEN,0.0
2026-03-20 10:58:47,-16.69,35.28,1024.41,OPEN,0.0
2026-03-20 10:58:57,-16.68,35.28,1024.41,OPEN,0.0
2026-03-20 10:59:07,-16.68,35.28,1024.4,OPEN,0.0
2026-03-20 10:59:17,-16.67,35.28,1024.41,OPEN,0.0
2026-03-20 10:59:27,-16.67,35.28,1024.4,OPEN,0.0
2026-03-20 10:59:37,-16.66,35.28,1024.39,OPEN,0.0
2026-03-20 10:59:47,-16.66,35.28,1024.41,OPEN,0.0
2026-03-20 10:59:57,-16.66,35.28,1024.4,OPEN,0.0
2026-03-20 11:00:07,-16.65,35.28,1024.39,OPEN,0.0
2026-03-20 11:00:17,-16.65,35.28,1024.4,OPEN,0.0
2026-03-20 11:00:27,-16.65,35.28,1024.42,OPEN,0.0
2026-03-20 11:00:37,-16.64,35.28,1024.41,OPEN,0.0
2026-03-20 11:00:47,-16.64,35.27,1024.39,OPEN,0.0
2026-03-20 11:00:57,-16.63,35.27,1024.38,OPEN,0.0
2026-03-20 11:01:07,-16.63,35.29,1024.38,OPEN,0.0
2026-03-20 11:01:17,-16.63,35.32,1024.39,OPEN,0.0
2026-03-20 11:01:27,-16.64,35.33,1024.39,OPEN,0.0
2026-03-20 11:01:37,-16.65,35.3,1024.38,OPEN,0.0
2026-03-20 11:01:47,-16.66,35.24,1024.39,OPEN,0.0
2026-03-20 11:01:57,-16.68,35.15,1024.41,OPEN,0.0
2026-03-20 11:02:07,-16.7,35.02,1024.4,OPEN,0.0
2026-03-20 11:02:17,-16.73,34.87,1024.4,OPEN,0.0
2026-03-20 11:02:27,-16.76,34.68,1024.39,OPEN,0.0
2026-03-20 11:02:37,-16.79,34.48,1024.38,OPEN,0.0
2026-03-20 11:02:47,-16.82,34.27,1024.38,OPEN,0.0
2026-03-20 11:02:57,-16.86,34.03,1024.35,OPEN,0.0
2026-03-20 11:03:07,-16.9,33.79,1024.37,OPEN,0.0
2026-03-20 11:03:17,-16.93,33.55,1024.38,OPEN,0.0
2026-03-20 11:03:27,-16.97,33.34,1024.39,OPEN,0.0
2026-03-20 11:03:37,-17.01,33.12,1024.38,OPEN,0.0
2026-03-20 11:03:47,-17.04,32.91,1024.4,OPEN,0.0
2026-03-20 11:03:57,-17.08,32.69,1024.4,OPEN,0.0
2026-03-20 11:04:07,-17.12,32.5,1024.41,OPEN,0.0
2026-03-20 11:04:17,-17.16,32.33,1024.42,OPEN,0.0
2026-03-20 11:04:27,-17.2,32.16,1024.39,OPEN,0.0
2026-03-20 11:04:37,-17.25,32.0,1024.4,OPEN,0.0
2026-03-20 11:04:47,-17.29,31.85,1024.4,OPEN,0.0
2026-03-20 11:04:57,-17.34,31.7,1024.38,OPEN,0.0
2026-03-20 11:05:07,-17.38,31.55,1024.4,OPEN,0.0
2026-03-20 11:05:17,-17.42,31.44,1024.39,OPEN,0.0
2026-03-20 11:05:27,-17.46,31.3,1024.39,OPEN,0.0
2026-03-20 11:05:37,-17.51,31.18,1024.4,OPEN,0.0
2026-03-20 11:05:47,-17.55,31.07,1024.39,OPEN,0.0
2026-03-20 11:05:57,-17.59,30.95,1024.4,OPEN,0.0
2026-03-20 11:06:07,-17.64,30.84,1024.39,OPEN,0.0
2026-03-20 11:06:17,-17.69,30.75,1024.39,OPEN,0.0
2026-03-20 11:06:27,-17.73,30.66,1024.4,OPEN,0.0
2026-03-20 11:06:37,-17.78,30.56,1024.37,OPEN,0.0
2026-03-20 11:06:47,-17.83,30.5,1024.37,OPEN,0.0
2026-03-20 11:06:57,-17.88,30.43,1024.36,OPEN,0.0
2026-03-20 11:07:07,-17.93,30.37,1024.34,OPEN,0.0
2026-03-20 11:07:17,-17.97,30.29,1024.37,OPEN,0.0
2026-03-20 11:07:27,-18.02,30.22,1024.37,OPEN,0.0
2026-03-20 11:07:37,-18.06,30.15,1024.36,OPEN,0.0
2026-03-20 11:07:47,-18.11,30.08,1024.38,OPEN,0.0
2026-03-20 11:07:57,-18.16,30.02,1024.38,OPEN,0.0
2026-03-20 11:08:07,-18.2,29.98,1024.38,OPEN,0.0
2026-03-20 11:08:17,-18.25,29.94,1024.37,OPEN,0.0
2026-03-20 11:08:27,-18.29,29.88,1024.38,OPEN,0.0
2026-03-20 11:08:37,-18.34,29.84,1024.4,OPEN,0.0
2026-03-20 11:08:47,-18.39,29.79,1024.37,OPEN,0.0
2026-03-20 11:08:57,-18.43,29.73,1024.43,OPEN,0.0
2026-03-20 11:09:07,-18.47,29.69,1024.41,OPEN,0.0
2026-03-20 11:09:17,-18.52,29.66,1024.42,OPEN,0.0
2026-03-20 11:09:27,-18.57,29.62,1024.43,OPEN,0.0
2026-03-20 11:09:37,-18.61,29.59,1024.41,OPEN,0.0
2026-03-20 11:09:47,-18.65,29.55,1024.4,OPEN,0.0
2026-03-20 11:09:57,-18.69,29.52,1024.41,OPEN,0.0
2026-03-20 11:10:07,-18.73,29.48,1024.4,OPEN,0.0
2026-03-20 11:10:17,-18.78,29.46,1024.43,OPEN,0.0
2026-03-20 11:10:27,-18.83,29.43,1024.4,OPEN,0.0
2026-03-20 11:10:37,-18.87,29.4,1024.42,OPEN,0.0
2026-03-20 11:10:47,-18.92,29.36,1024.41,OPEN,0.0
2026-03-20 11:10:57,-18.96,29.33,1024.44,OPEN,0.0
2026-03-20 11:11:07,-19.01,29.3,1024.43,OPEN,0.0
2026-03-20 11:11:17,-19.05,29.28,1024.41,OPEN,0.0
2026-03-20 11:11:27,-19.1,29.25,1024.4,OPEN,0.0
2026-03-20 11:11:37,-19.15,29.22,1024.42,OPEN,0.0
2026-03-20 11:11:47,-19.19,29.2,1024.42,OPEN,0.0
2026-03-20 11:11:57,-19.23,29.17,1024.41,OPEN,0.0
2026-03-20 11:12:07,-19.27,29.14,1024.42,OPEN,0.0
2026-03-20 11:12:17,-19.31,29.12,1024.39,OPEN,0.0
2026-03-20 11:12:27,-19.35,29.1,1024.4,OPEN,0.0
2026-03-20 11:12:37,-19.4,29.09,1024.38,OPEN,0.0
2026-03-20 11:12:47,-19.44,29.07,1024.39,OPEN,0.0
2026-03-20 11:12:57,-19.49,29.05,1024.39,OPEN,0.0
2026-03-20 11:13:07,-19.52,29.03,1024.39,OPEN,0.0
2026-03-20 11:13:17,-19.57,29.02,1024.38,OPEN,0.0
2026-03-20 11:13:27,-19.6,28.99,1024.38,OPEN,0.0
2026-03-20 11:13:37,-19.64,28.98,1024.37,OPEN,0.0
2026-03-20 11:13:47,-19.68,28.97,1024.37,OPEN,0.0
2026-03-20 11:13:57,-19.73,28.96,1024.38,OPEN,0.0
2026-03-20 11:14:07,-19.77,28.94,1024.41,OPEN,0.0
2026-03-20 11:14:17,-19.81,28.93,1024.38,OPEN,0.0
2026-03-20 11:14:27,-19.85,28.92,1024.39,OPEN,0.0
2026-03-20 11:14:37,-19.89,28.91,1024.41,OPEN,0.0
2026-03-20 11:14:47,-19.93,28.9,1024.4,OPEN,0.0
2026-03-20 11:14:57,-19.96,28.88,1024.42,OPEN,0.0
2026-03-20 11:15:07,-20.0,28.86,1024.4,OPEN,0.0
2026-03-20 11:15:17,-20.04,28.85,1024.4,OPEN,0.0
2026-03-20 11:15:27,-20.08,28.84,1024.4,OPEN,0.0
2026-03-20 11:15:37,-20.11,28.84,1024.41,OPEN,0.0
2026-03-20 11:15:47,-20.15,28.82,1024.4,OPEN,0.0
2026-03-20 11:15:57,-20.19,28.82,1024.39,OPEN,0.0
2026-03-20 11:16:07,-20.23,28.81,1024.39,OPEN,0.0
2026-03-20 11:16:17,-20.27,28.8,1024.42,OPEN,0.0
2026-03-20 11:16:27,-20.3,28.79,1024.43,OPEN,0.0
2026-03-20 11:16:37,-20.34,28.79,1024.44,OPEN,0.0
2026-03-20 11:16:47,-20.38,28.78,1024.43,OPEN,0.0
2026-03-20 11:16:57,-20.42,28.78,1024.4,OPEN,0.0
2026-03-20 11:17:07,-20.46,28.77,1024.41,OPEN,0.0
2026-03-20 11:17:17,-20.5,28.79,1024.4,OPEN,0.0
2026-03-20 11:17:27,-20.53,28.82,1024.41,OPEN,0.0
2026-03-20 11:17:37,-20.55,28.88,1024.42,OPEN,0.0
2026-03-20 11:17:47,-20.56,28.95,1024.41,OPEN,0.0
2026-03-20 11:17:57,-20.58,29.04,1024.43,OPEN,0.0
2026-03-20 11:18:07,-20.58,29.14,1024.42,OPEN,0.0
2026-03-20 11:18:17,-20.58,29.25,1024.4,OPEN,0.0
2026-03-20 11:18:27,-20.58,29.36,1024.4,OPEN,0.0
2026-03-20 11:18:37,-20.58,29.49,1024.39,OPEN,0.0
2026-03-20 11:18:47,-20.57,29.61,1024.4,OPEN,0.0
2026-03-20 11:18:57,-20.56,29.73,1024.38,OPEN,0.0
2026-03-20 11:19:07,-20.55,29.84,1024.39,OPEN,0.0
2026-03-20 11:19:17,-20.54,29.95,1024.39,OPEN,0.0
2026-03-20 11:19:27,-20.52,30.06,1024.4,OPEN,0.0
2026-03-20 11:19:37,-20.51,30.17,1024.39,OPEN,0.0
2026-03-20 11:19:47,-20.49,30.26,1024.39,OPEN,0.0
2026-03-20 11:19:57,-20.46,30.36,1024.4,OPEN,0.0
2026-03-20 11:20:07,-20.44,30.46,1024.39,OPEN,0.0
2026-03-20 11:20:17,-20.41,30.56,1024.41,OPEN,0.0
2026-03-20 11:20:27,-20.39,30.66,1024.39,OPEN,0.0
2026-03-20 11:20:38,-20.36,30.77,1024.37,OPEN,0.0
2026-03-20 11:20:48,-20.33,30.87,1024.4,OPEN,0.0
2026-03-20 11:20:58,-20.31,30.96,1024.38,OPEN,0.0
2026-03-20 11:21:08,-20.29,31.04,1024.37,OPEN,0.0
2026-03-20 11:21:18,-20.26,31.14,1024.36,OPEN,0.0
2026-03-20 11:21:28,-20.23,31.24,1024.34,OPEN,0.0
2026-03-20 11:21:38,-20.2,31.33,1024.33,OPEN,0.0
2026-03-20 11:21:48,-20.17,31.42,1024.34,OPEN,0.0
2026-03-20 11:21:58,-20.14,31.52,1024.33,OPEN,0.0
2026-03-20 11:22:08,-20.11,31.6,1024.34,OPEN,0.0
2026-03-20 11:22:18,-20.08,31.69,1024.32,OPEN,0.0
2026-03-20 11:22:28,-20.05,31.78,1024.33,OPEN,0.0
2026-03-20 11:22:38,-20.02,31.86,1024.31,OPEN,0.0
2026-03-20 11:22:48,-19.99,31.95,1024.31,OPEN,0.0
2026-03-20 11:22:58,-19.96,32.02,1024.33,OPEN,0.0
2026-03-20 11:23:08,-19.93,32.11,1024.32,OPEN,0.0
2026-03-20 11:23:18,-19.9,32.19,1024.33,OPEN,0.0
2026-03-20 11:23:28,-19.87,32.26,1024.32,OPEN,0.0
2026-03-20 11:23:38,-19.84,32.33,1024.31,OPEN,0.0
2026-03-20 11:23:48,-19.81,32.4,1024.28,OPEN,0.0
2026-03-20 11:23:58,-19.77,32.46,1024.28,OPEN,0.0
2026-03-20 11:24:08,-19.74,32.53,1024.28,OPEN,0.0
2026-03-20 11:24:18,-19.71,32.59,1024.3,OPEN,0.0
2026-03-20 11:24:28,-19.68,32.65,1024.29,OPEN,0.0
2026-03-20 11:24:38,-19.65,32.71,1024.3,OPEN,0.0
2026-03-20 11:24:48,-19.62,32.76,1024.3,OPEN,0.0
2026-03-20 11:24:58,-19.6,32.83,1024.29,OPEN,0.0
2026-03-20 11:25:08,-19.57,32.87,1024.31,OPEN,0.0
2026-03-20 11:25:18,-19.54,32.93,1024.32,OPEN,0.0
2026-03-20 11:25:28,-19.51,32.97,1024.32,OPEN,0.0
2026-03-20 11:25:38,-19.48,33.02,1024.33,OPEN,0.0
2026-03-20 11:25:48,-19.45,33.06,1024.33,OPEN,0.0
2026-03-20 11:25:58,-19.42,33.09,1024.31,OPEN,0.0
2026-03-20 11:26:08,-19.4,33.14,1024.32,OPEN,0.0
2026-03-20 11:26:18,-19.37,33.17,1024.31,OPEN,0.0
2026-03-20 11:26:28,-19.34,33.22,1024.29,OPEN,0.0
2026-03-20 11:26:38,-19.32,33.25,1024.29,OPEN,0.0
2026-03-20 11:26:48,-19.29,33.28,1024.32,OPEN,0.0
2026-03-20 11:26:58,-19.26,33.31,1024.3,OPEN,0.0
2026-03-20 11:27:08,-19.23,33.35,1024.3,OPEN,0.0
2026-03-20 11:27:18,-19.21,33.37,1024.29,OPEN,0.0
2026-03-20 11:27:28,-19.18,33.4,1024.29,OPEN,0.0
2026-03-20 11:27:38,-19.16,33.44,1024.3,OPEN,0.0
2026-03-20 11:27:48,-19.13,33.48,1024.31,OPEN,0.0
2026-03-20 11:27:58,-19.1,33.51,1024.3,OPEN,0.0
2026-03-20 11:28:08,-19.07,33.53,1024.29,OPEN,0.0
2026-03-20 11:28:18,-19.05,33.56,1024.28,OPEN,0.0
2026-03-20 11:28:28,-19.02,33.58,1024.27,OPEN,0.0
2026-03-20 11:28:38,-19.0,33.61,1024.28,OPEN,0.0
2026-03-20 11:28:48,-18.97,33.63,1024.29,OPEN,0.0
2026-03-20 11:28:58,-18.95,33.65,1024.28,OPEN,0.0
2026-03-20 11:29:08,-18.92,33.67,1024.29,OPEN,0.0
2026-03-20 11:29:18,-18.9,33.69,1024.29,OPEN,0.0
2026-03-20 11:29:28,-18.87,33.72,1024.3,OPEN,0.0
2026-03-20 11:29:38,-18.85,33.74,1024.3,OPEN,0.0
2026-03-20 11:29:48,-18.83,33.76,1024.31,OPEN,0.0
2026-03-20 11:29:58,-18.81,33.78,1024.29,OPEN,0.0
2026-03-20 11:30:08,-18.78,33.79,1024.3,OPEN,0.0
2026-03-20 11:30:18,-18.76,33.82,1024.3,OPEN,0.0
2026-03-20 11:30:28,-18.73,33.83,1024.31,OPEN,0.0
2026-03-20 11:30:38,-18.71,33.85,1024.29,OPEN,0.0
2026-03-20 11:30:48,-18.69,33.86,1024.3,OPEN,0.0
2026-03-20 11:30:58,-18.67,33.88,1024.3,OPEN,0.0
2026-03-20 11:31:08,-18.64,33.9,1024.31,OPEN,0.0
2026-03-20 11:31:18,-18.62,33.91,1024.3,OPEN,0.0
2026-03-20 11:31:28,-18.6,33.92,1024.31,OPEN,0.0
2026-03-20 11:31:38,-18.58,33.93,1024.3,OPEN,0.0
2026-03-20 11:31:48,-18.56,33.95,1024.3,OPEN,0.0
2026-03-20 11:31:58,-18.54,33.96,1024.29,OPEN,0.0
2026-03-20 11:32:08,-18.52,33.97,1024.28,OPEN,0.0
2026-03-20 11:32:18,-18.5,33.98,1024.29,OPEN,0.0
2026-03-20 11:32:28,-18.47,34.0,1024.29,OPEN,0.0
2026-03-20 11:32:38,-18.45,34.01,1024.29,OPEN,0.0
2026-03-20 11:32:48,-18.44,34.03,1024.27,OPEN,0.0
2026-03-20 11:32:58,-18.42,34.03,1024.26,OPEN,0.0
2026-03-20 11:33:08,-18.4,34.04,1024.25,OPEN,0.0
2026-03-20 11:33:18,-18.38,34.06,1024.26,OPEN,0.0
2026-03-20 11:33:28,-18.36,34.06,1024.26,OPEN,0.0
2026-03-20 11:33:38,-18.34,34.07,1024.26,OPEN,0.0
2026-03-20 11:33:48,-18.32,34.08,1024.25,OPEN,0.0
2026-03-20 11:33:58,-18.3,34.09,1024.26,OPEN,0.0
2026-03-20 11:34:08,-18.29,34.09,1024.25,OPEN,0.0
2026-03-20 11:34:18,-18.27,34.11,1024.23,OPEN,0.0
2026-03-20 11:34:28,-18.25,34.11,1024.22,OPEN,0.0
2026-03-20 11:34:38,-18.23,34.12,1024.22,OPEN,0.0
2026-03-20 11:34:48,-18.21,34.14,1024.22,OPEN,0.0
2026-03-20 11:34:58,-18.19,34.14,1024.22,OPEN,0.0
2026-03-20 11:35:08,-18.18,34.15,1024.23,OPEN,0.0
2026-03-20 11:35:18,-18.16,34.16,1024.24,OPEN,0.0
2026-03-20 11:35:28,-18.14,34.16,1024.22,OPEN,0.0
2026-03-20 11:35:38,-18.13,34.17,1024.2,OPEN,0.0
2026-03-20 11:35:48,-18.11,34.18,1024.2,OPEN,0.0
2026-03-20 11:35:58,-18.09,34.18,1024.22,OPEN,0.0
2026-03-20 11:36:08,-18.07,34.19,1024.23,OPEN,0.0
2026-03-20 11:36:18,-18.06,34.19,1024.22,OPEN,0.0
2026-03-20 11:36:28,-18.04,34.2,1024.2,OPEN,0.0
2026-03-20 11:36:38,-18.03,34.2,1024.2,OPEN,0.0
2026-03-20 11:36:48,-18.01,34.2,1024.22,OPEN,0.0
2026-03-20 11:36:58,-18.0,34.21,1024.23,OPEN,0.0
2026-03-20 11:37:08,-17.98,34.21,1024.2,OPEN,0.0
2026-03-20 11:37:18,-17.97,34.22,1024.19,OPEN,0.0
2026-03-20 11:37:28,-17.95,34.22,1024.2,OPEN,0.0
2026-03-20 11:37:38,-17.94,34.22,1024.21,OPEN,0.0
2026-03-20 11:37:48,-17.93,34.23,1024.18,OPEN,0.0
2026-03-20 11:37:58,-17.91,34.22,1024.18,OPEN,0.0
2026-03-20 11:38:08,-17.9,34.23,1024.19,OPEN,0.0
2026-03-20 11:38:18,-17.88,34.23,1024.2,OPEN,0.0
2026-03-20 11:38:28,-17.87,34.23,1024.18,OPEN,0.0
2026-03-20 11:38:38,-17.86,34.23,1024.19,OPEN,0.0
2026-03-20 11:38:48,-17.84,34.23,1024.19,OPEN,0.0
2026-03-20 11:38:58,-17.82,34.23,1024.2,OPEN,0.0
2026-03-20 11:39:08,-17.81,34.24,1024.2,OPEN,0.0
2026-03-20 11:39:18,-17.8,34.24,1024.2,OPEN,0.0
2026-03-20 11:39:28,-17.78,34.24,1024.2,OPEN,0.0
2026-03-20 11:39:38,-17.76,34.24,1024.2,OPEN,0.0
2026-03-20 11:39:48,-17.75,34.24,1024.17,OPEN,0.0
2026-03-20 11:39:58,-17.74,34.24,1024.18,OPEN,0.0
2026-03-20 11:40:08,-17.73,34.24,1024.18,OPEN,0.0
2026-03-20 11:40:18,-17.72,34.24,1024.18,OPEN,0.0
2026-03-20 11:40:28,-17.71,34.24,1024.16,OPEN,0.0
2026-03-20 11:40:38,-17.69,34.24,1024.17,OPEN,0.0
2026-03-20 11:40:48,-17.68,34.23,1024.19,OPEN,0.0
2026-03-20 11:40:58,-17.67,34.23,1024.18,OPEN,0.0
2026-03-20 11:41:08,-17.65,34.23,1024.17,OPEN,0.0
2026-03-20 11:41:18,-17.64,34.23,1024.16,OPEN,0.0
2026-03-20 11:41:28,-17.63,34.23,1024.15,OPEN,0.0
2026-03-20 11:41:38,-17.62,34.24,1024.15,OPEN,0.0
2026-03-20 11:41:48,-17.61,34.24,1024.16,OPEN,0.0
2026-03-20 11:41:58,-17.6,34.23,1024.15,OPEN,0.0
2026-03-20 11:42:08,-17.59,34.24,1024.15,OPEN,0.0
2026-03-20 11:42:18,-17.57,34.24,1024.16,OPEN,0.0
2026-03-20 11:42:28,-17.56,34.24,1024.16,OPEN,0.0
2026-03-20 11:42:38,-17.55,34.24,1024.15,OPEN,0.0
2026-03-20 11:42:48,-17.53,34.24,1024.16,OPEN,0.0
2026-03-20 11:42:58,-17.52,34.24,1024.15,OPEN,0.0
2026-03-20 11:43:08,-17.51,34.24,1024.14,OPEN,0.0
2026-03-20 11:43:18,-17.5,34.24,1024.14,OPEN,0.0
2026-03-20 11:43:28,-17.49,34.24,1024.13,OPEN,0.0
2026-03-20 11:43:38,-17.48,34.24,1024.15,OPEN,0.0
2026-03-20 11:43:49,-17.47,34.24,1024.13,OPEN,0.0
2026-03-20 11:43:59,-17.45,34.24,1024.16,OPEN,0.0
2026-03-20 11:44:09,-17.44,34.24,1024.16,OPEN,0.0
2026-03-20 11:44:19,-17.43,34.24,1024.15,OPEN,0.0
2026-03-20 11:44:29,-17.42,34.25,1024.11,OPEN,0.0
2026-03-20 11:44:39,-17.41,34.25,1024.15,OPEN,0.0
2026-03-20 11:44:49,-17.39,34.25,1024.15,OPEN,0.0
2026-03-20 11:44:59,-17.38,34.25,1024.13,OPEN,0.0
2026-03-20 11:45:09,-17.37,34.25,1024.14,OPEN,0.0
2026-03-20 11:45:19,-17.37,34.25,1024.14,OPEN,0.0
2026-03-20 11:45:29,-17.35,34.25,1024.14,OPEN,0.0
2026-03-20 11:45:39,-17.34,34.25,1024.12,OPEN,0.0
2026-03-20 11:45:49,-17.33,34.26,1024.15,OPEN,0.0
2026-03-20 11:45:59,-17.33,34.26,1024.13,OPEN,0.0
2026-03-20 11:46:09,-17.32,34.25,1024.12,OPEN,0.0
2026-03-20 11:46:19,-17.31,34.26,1024.13,OPEN,0.0
2026-03-20 11:46:29,-17.3,34.25,1024.12,OPEN,0.0
2026-03-20 11:46:39,-17.29,34.25,1024.1,OPEN,0.0
2026-03-20 11:46:49,-17.28,34.26,1024.11,OPEN,0.0
2026-03-20 11:46:59,-17.27,34.27,1024.11,OPEN,0.0
2026-03-20 11:47:09,-17.26,34.27,1024.11,OPEN,0.0
2026-03-20 11:47:19,-17.26,34.27,1024.12,OPEN,0.0
2026-03-20 11:47:29,-17.24,34.28,1024.13,OPEN,0.0
2026-03-20 11:47:39,-17.23,34.28,1024.1,OPEN,0.0
2026-03-20 11:47:49,-17.22,34.28,1024.09,OPEN,0.0
2026-03-20 11:47:59,-17.22,34.28,1024.1,OPEN,0.0
2026-03-20 11:48:09,-17.21,34.29,1024.1,OPEN,0.0
2026-03-20 11:48:19,-17.2,34.29,1024.1,OPEN,0.0
2026-03-20 11:48:29,-17.19,34.29,1024.11,OPEN,0.0
2026-03-20 11:48:39,-17.18,34.29,1024.1,OPEN,0.0
2026-03-20 11:48:49,-17.17,34.3,1024.08,OPEN,0.0
2026-03-20 11:48:59,-17.16,34.3,1024.08,OPEN,0.0
2026-03-20 11:49:09,-17.15,34.3,1024.08,OPEN,0.0
2026-03-20 11:49:19,-17.14,34.3,1024.07,OPEN,0.0
2026-03-20 11:49:29,-17.14,34.3,1024.06,OPEN,0.0
2026-03-20 11:49:39,-17.13,34.31,1024.07,OPEN,0.0
2026-03-20 11:49:49,-17.12,34.31,1024.07,OPEN,0.0
2026-03-20 11:49:59,-17.12,34.31,1024.02,OPEN,0.0
2026-03-20 11:50:09,-17.11,34.31,1024.03,OPEN,0.0
2026-03-20 11:50:19,-17.1,34.32,1024.01,OPEN,0.0
2026-03-20 11:50:29,-17.09,34.32,1024.02,OPEN,0.0
2026-03-20 11:50:39,-17.09,34.33,1024.02,OPEN,0.0
2026-03-20 11:50:49,-17.08,34.33,1024.02,OPEN,0.0
2026-03-20 11:50:59,-17.07,34.34,1024.0,OPEN,0.0
2026-03-20 11:51:09,-17.07,34.34,1024.0,OPEN,0.0
2026-03-20 11:51:19,-17.06,34.35,1024.03,OPEN,0.0
2026-03-20 11:51:29,-17.05,34.35,1024.01,OPEN,0.0
2026-03-20 11:51:39,-17.05,34.36,1024.01,OPEN,0.0
2026-03-20 11:51:49,-17.04,34.36,1024.0,OPEN,0.0
2026-03-20 11:51:59,-17.04,34.36,1024.01,OPEN,0.0
2026-03-20 11:52:09,-17.03,34.37,1023.99,OPEN,0.0
2026-03-20 11:52:19,-17.02,34.37,1023.98,OPEN,0.0
2026-03-20 11:52:29,-17.02,34.38,1023.98,OPEN,0.0
2026-03-20 11:52:39,-17.01,34.38,1023.97,OPEN,0.0
2026-03-20 11:52:49,-17.0,34.39,1023.99,OPEN,0.0
2026-03-20 11:52:59,-17.0,34.39,1023.98,OPEN,0.0
2026-03-20 11:53:09,-16.99,34.4,1023.99,OPEN,0.0
2026-03-20 11:53:19,-16.98,34.4,1023.98,OPEN,0.0
2026-03-20 11:53:29,-16.98,34.41,1023.97,OPEN,0.0
2026-03-20 11:53:39,-16.97,34.41,1023.97,OPEN,0.0
2026-03-20 11:53:49,-16.97,34.42,1023.96,OPEN,0.0
2026-03-20 11:53:59,-16.96,34.42,1023.98,OPEN,0.0
2026-03-20 11:54:09,-16.95,34.43,1023.97,OPEN,0.0
2026-03-20 11:54:19,-16.95,34.43,1023.96,OPEN,0.0
2026-03-20 11:54:29,-16.94,34.45,1023.95,OPEN,0.0
2026-03-20 11:54:39,-16.93,34.45,1023.96,OPEN,0.0
2026-03-20 11:54:49,-16.92,34.45,1023.94,OPEN,0.0
2026-03-20 11:54:59,-16.92,34.45,1023.96,OPEN,0.0
2026-03-20 11:55:09,-16.91,34.46,1023.96,OPEN,0.0
2026-03-20 11:55:19,-16.91,34.46,1023.93,OPEN,0.0
2026-03-20 11:55:29,-16.9,34.47,1023.93,OPEN,0.0
2026-03-20 11:55:39,-16.9,34.47,1023.93,OPEN,0.0
2026-03-20 11:55:49,-16.89,34.48,1023.94,OPEN,0.0
2026-03-20 11:55:59,-16.89,34.48,1023.93,OPEN,0.0
2026-03-20 11:56:09,-16.88,34.49,1023.93,OPEN,0.0
2026-03-20 11:56:19,-16.87,34.49,1023.91,OPEN,0.0
2026-03-20 11:56:29,-16.87,34.5,1023.91,OPEN,0.0
2026-03-20 11:56:39,-16.87,34.51,1023.9,OPEN,0.0
2026-03-20 11:56:49,-16.86,34.51,1023.93,OPEN,0.0
2026-03-20 11:56:59,-16.86,34.51,1023.91,OPEN,0.0
2026-03-20 11:57:09,-16.85,34.52,1023.92,OPEN,0.0
2026-03-20 11:57:19,-16.84,34.52,1023.91,OPEN,0.0
2026-03-20 11:57:29,-16.84,34.53,1023.9,OPEN,0.0
2026-03-20 11:57:39,-16.83,34.54,1023.91,OPEN,0.0
2026-03-20 11:57:49,-16.83,34.55,1023.91,OPEN,0.0
2026-03-20 11:57:59,-16.82,34.56,1023.9,OPEN,0.0
2026-03-20 11:58:09,-16.82,34.56,1023.91,OPEN,0.0
2026-03-20 11:58:19,-16.81,34.56,1023.87,OPEN,0.0
2026-03-20 11:58:29,-16.81,34.57,1023.88,OPEN,0.0
2026-03-20 11:58:39,-16.8,34.58,1023.86,OPEN,0.0
2026-03-20 11:58:49,-16.8,34.58,1023.87,OPEN,0.0
2026-03-20 11:58:59,-16.79,34.59,1023.87,OPEN,0.0
2026-03-20 11:59:09,-16.78,34.59,1023.88,OPEN,0.0
2026-03-20 11:59:19,-16.78,34.59,1023.88,OPEN,0.0
2026-03-20 11:59:29,-16.77,34.6,1023.86,OPEN,0.0
2026-03-20 11:59:39,-16.77,34.61,1023.86,OPEN,0.0
2026-03-20 11:59:49,-16.76,34.62,1023.84,OPEN,0.0
2026-03-20 11:59:59,-16.76,34.63,1023.84,OPEN,0.0
2026-03-20 12:00:09,-16.75,34.64,1023.83,OPEN,0.0
2026-03-20 12:00:19,-16.75,34.65,1023.84,OPEN,0.0
2026-03-20 12:00:29,-16.74,34.66,1023.84,OPEN,0.0
2026-03-20 12:00:39,-16.73,34.67,1023.86,OPEN,0.0
2026-03-20 12:00:49,-16.73,34.67,1023.83,OPEN,0.0
2026-03-20 12:00:59,-16.72,34.67,1023.83,OPEN,0.0
2026-03-20 12:01:09,-16.72,34.66,1023.83,OPEN,0.0
2026-03-20 12:01:19,-16.71,34.64,1023.81,OPEN,0.0
2026-03-20 12:01:29,-16.71,34.62,1023.83,OPEN,0.0
2026-03-20 12:01:39,-16.7,34.6,1023.82,OPEN,0.0
2026-03-20 12:01:49,-16.7,34.58,1023.83,OPEN,0.0
2026-03-20 12:01:59,-16.69,34.55,1023.82,OPEN,0.0
2026-03-20 12:02:09,-16.69,34.51,1023.83,OPEN,0.0
2026-03-20 12:02:19,-16.68,34.48,1023.82,OPEN,0.0
2026-03-20 12:02:29,-16.67,34.45,1023.82,OPEN,0.0
2026-03-20 12:02:39,-16.67,34.41,1023.84,OPEN,0.0
2026-03-20 12:02:49,-16.67,34.38,1023.83,OPEN,0.0
2026-03-20 12:02:59,-16.66,34.34,1023.81,OPEN,0.0
2026-03-20 12:03:09,-16.65,34.32,1023.83,OPEN,0.0
2026-03-20 12:03:19,-16.65,34.29,1023.8,OPEN,0.0
2026-03-20 12:03:29,-16.65,34.26,1023.82,OPEN,0.0
2026-03-20 12:03:39,-16.64,34.24,1023.81,OPEN,0.0
2026-03-20 12:03:49,-16.64,34.22,1023.81,OPEN,0.0
2026-03-20 12:03:59,-16.63,34.19,1023.8,OPEN,0.0
2026-03-20 12:04:09,-16.63,34.17,1023.79,OPEN,0.0
2026-03-20 12:04:19,-16.62,34.15,1023.79,OPEN,0.0
2026-03-20 12:04:29,-16.62,34.13,1023.79,OPEN,0.0
2026-03-20 12:04:39,-16.61,34.11,1023.78,OPEN,0.0
2026-03-20 12:04:49,-16.61,34.09,1023.78,OPEN,0.0
2026-03-20 12:04:59,-16.6,34.07,1023.77,OPEN,0.0
2026-03-20 12:05:09,-16.6,34.06,1023.75,OPEN,0.0
2026-03-20 12:05:19,-16.6,34.05,1023.75,OPEN,0.0
2026-03-20 12:05:29,-16.59,34.04,1023.76,OPEN,0.0
2026-03-20 12:05:39,-16.59,34.03,1023.75,OPEN,0.0
2026-03-20 12:05:49,-16.58,34.02,1023.73,OPEN,0.0
2026-03-20 12:05:59,-16.58,34.01,1023.75,OPEN,0.0
2026-03-20 12:06:09,-16.58,34.0,1023.73,OPEN,0.0
2026-03-20 12:06:19,-16.57,33.99,1023.74,OPEN,0.0
2026-03-20 12:06:29,-16.57,33.99,1023.74,OPEN,0.0
2026-03-20 12:06:39,-16.56,33.99,1023.75,OPEN,0.0
2026-03-20 12:06:50,-16.55,33.98,1023.74,OPEN,0.0
2026-03-20 12:07:00,-16.55,33.98,1023.74,OPEN,0.0
2026-03-20 12:07:10,-16.54,33.97,1023.74,OPEN,0.0
2026-03-20 12:07:20,-16.53,33.97,1023.73,OPEN,0.0
2026-03-20 12:07:30,-16.53,33.96,1023.74,OPEN,0.0
2026-03-20 12:07:40,-16.52,33.96,1023.73,OPEN,0.0
2026-03-20 12:07:50,-16.52,33.97,1023.73,OPEN,0.0
2026-03-20 12:08:00,-16.51,33.96,1023.72,OPEN,0.0
2026-03-20 12:08:10,-16.51,33.96,1023.71,OPEN,0.0
2026-03-20 12:08:20,-16.5,33.96,1023.73,OPEN,0.0
2026-03-20 12:08:30,-16.5,33.95,1023.72,OPEN,0.0
2026-03-20 12:08:40,-16.49,33.95,1023.74,OPEN,0.0
2026-03-20 12:08:50,-16.49,33.95,1023.73,OPEN,0.0
2026-03-20 12:09:00,-16.48,33.95,1023.73,OPEN,0.0
2026-03-20 12:09:10,-16.47,33.95,1023.75,OPEN,0.0
2026-03-20 12:09:20,-16.47,33.96,1023.74,OPEN,0.0
2026-03-20 12:09:30,-16.46,33.96,1023.74,OPEN,0.0
2026-03-20 12:09:40,-16.46,33.96,1023.73,OPEN,0.0
2026-03-20 12:09:50,-16.45,33.96,1023.72,OPEN,0.0
2026-03-20 12:10:00,-16.44,33.96,1023.74,OPEN,0.0
2026-03-20 12:10:10,-16.44,33.97,1023.73,OPEN,0.0
2026-03-20 12:10:20,-16.44,33.97,1023.73,OPEN,0.0
2026-03-20 12:10:30,-16.43,33.97,1023.72,OPEN,0.0
2026-03-20 12:10:40,-16.43,33.97,1023.71,OPEN,0.0
2026-03-20 12:10:50,-16.43,33.98,1023.74,OPEN,0.0
2026-03-20 12:11:00,-16.42,33.98,1023.73,OPEN,0.0
2026-03-20 12:11:10,-16.42,33.99,1023.73,OPEN,0.0
2026-03-20 12:11:20,-16.42,33.99,1023.71,OPEN,0.0
2026-03-20 12:11:30,-16.41,33.99,1023.72,OPEN,0.0
2026-03-20 12:11:40,-16.41,34.0,1023.69,OPEN,0.0
2026-03-20 12:11:50,-16.41,34.0,1023.71,OPEN,0.0
2026-03-20 12:12:00,-16.4,34.01,1023.71,OPEN,0.0
2026-03-20 12:12:10,-16.4,34.02,1023.7,OPEN,0.0
2026-03-20 12:12:20,-16.39,34.04,1023.68,OPEN,0.0
2026-03-20 12:12:30,-16.39,34.1,1023.67,OPEN,0.0
2026-03-20 12:12:40,-16.4,34.17,1023.68,OPEN,0.0
2026-03-20 12:12:50,-16.4,34.21,1023.72,OPEN,0.0
2026-03-20 12:13:00,-16.42,34.22,1023.74,OPEN,0.0
2026-03-20 12:13:10,-16.43,34.21,1023.71,OPEN,0.0
2026-03-20 12:13:20,-16.45,34.15,1023.71,OPEN,0.0
2026-03-20 12:13:30,-16.48,34.04,1023.71,OPEN,0.0
2026-03-20 12:13:40,-16.51,33.89,1023.71,OPEN,0.0
2026-03-20 12:13:50,-16.54,33.7,1023.71,OPEN,0.0
2026-03-20 12:14:00,-16.58,33.49,1023.69,OPEN,0.0
2026-03-20 12:14:10,-16.61,33.24,1023.69,OPEN,0.0
2026-03-20 12:14:20,-16.64,32.99,1023.71,OPEN,0.0
2026-03-20 12:14:30,-16.68,32.77,1023.68,OPEN,0.0
2026-03-20 12:14:40,-16.72,32.54,1023.7,OPEN,0.0
2026-03-20 12:14:50,-16.75,32.29,1023.69,OPEN,0.0
2026-03-20 12:15:00,-16.79,32.06,1023.69,OPEN,0.0
2026-03-20 12:15:10,-16.83,31.84,1023.68,OPEN,0.0
2026-03-20 12:15:20,-16.87,31.63,1023.66,OPEN,0.0
2026-03-20 12:15:30,-16.91,31.44,1023.69,OPEN,0.0
2026-03-20 12:15:40,-16.95,31.24,1023.7,OPEN,0.0
2026-03-20 12:15:50,-16.98,31.05,1023.7,OPEN,0.0
2026-03-20 12:16:00,-17.01,30.87,1023.7,OPEN,0.0
2026-03-20 12:16:10,-17.05,30.71,1023.68,OPEN,0.0
2026-03-20 12:16:20,-17.09,30.59,1023.69,OPEN,0.0
2026-03-20 12:16:30,-17.13,30.45,1023.69,OPEN,0.0
2026-03-20 12:16:40,-17.17,30.33,1023.69,OPEN,0.0
2026-03-20 12:16:50,-17.22,30.23,1023.65,OPEN,0.0
2026-03-20 12:17:00,-17.26,30.13,1023.65,OPEN,0.0
2026-03-20 12:17:10,-17.3,30.02,1023.67,OPEN,0.0
2026-03-20 12:17:20,-17.34,29.93,1023.7,OPEN,0.0
2026-03-20 12:17:30,-17.38,29.84,1023.68,OPEN,0.0
2026-03-20 12:17:40,-17.42,29.74,1023.66,OPEN,0.0
2026-03-20 12:17:50,-17.47,29.66,1023.66,OPEN,0.0
2026-03-20 12:18:00,-17.51,29.58,1023.67,OPEN,0.0
2026-03-20 12:18:10,-17.55,29.52,1023.67,OPEN,0.0
2026-03-20 12:18:20,-17.59,29.44,1023.65,OPEN,0.0
2026-03-20 12:18:30,-17.63,29.36,1023.66,OPEN,0.0
2026-03-20 12:18:40,-17.67,29.29,1023.66,OPEN,0.0
2026-03-20 12:18:50,-17.72,29.24,1023.68,OPEN,0.0
2026-03-20 12:19:00,-17.76,29.17,1023.68,OPEN,0.0
2026-03-20 12:19:10,-17.81,29.12,1023.66,OPEN,0.0
2026-03-20 12:19:20,-17.86,29.06,1023.65,OPEN,0.0
2026-03-20 12:19:30,-17.9,29.01,1023.67,OPEN,0.0
2026-03-20 12:19:40,-17.94,28.94,1023.67,OPEN,0.0
2026-03-20 12:19:50,-17.98,28.88,1023.66,OPEN,0.0
2026-03-20 12:20:00,-18.02,28.84,1023.66,OPEN,0.0
2026-03-20 12:20:10,-18.06,28.79,1023.67,OPEN,0.0
2026-03-20 12:20:20,-18.1,28.74,1023.66,OPEN,0.0
2026-03-20 12:20:30,-18.14,28.69,1023.66,OPEN,0.0
2026-03-20 12:20:40,-18.19,28.64,1023.64,OPEN,0.0
2026-03-20 12:20:50,-18.23,28.6,1023.65,OPEN,0.0
2026-03-20 12:21:00,-18.28,28.56,1023.63,OPEN,0.0
2026-03-20 12:21:10,-18.32,28.52,1023.63,OPEN,0.0
2026-03-20 12:21:20,-18.37,28.5,1023.66,OPEN,0.0
2026-03-20 12:21:30,-18.42,28.47,1023.66,OPEN,0.0
2026-03-20 12:21:40,-18.46,28.44,1023.67,OPEN,0.0
2026-03-20 12:21:50,-18.51,28.42,1023.64,OPEN,0.0
2026-03-20 12:22:00,-18.56,28.38,1023.65,OPEN,0.0
2026-03-20 12:22:10,-18.59,28.36,1023.65,OPEN,0.0
2026-03-20 12:22:20,-18.63,28.34,1023.67,OPEN,0.0
2026-03-20 12:22:30,-18.67,28.33,1023.66,OPEN,0.0
2026-03-20 12:22:40,-18.71,28.31,1023.66,OPEN,0.0
2026-03-20 12:22:50,-18.76,28.29,1023.68,OPEN,0.0
2026-03-20 12:23:00,-18.8,28.28,1023.66,OPEN,0.0
2026-03-20 12:23:10,-18.84,28.26,1023.7,OPEN,0.0
2026-03-20 12:23:20,-18.88,28.24,1023.7,OPEN,0.0
2026-03-20 12:23:30,-18.92,28.23,1023.7,OPEN,0.0
2026-03-20 12:23:40,-18.95,28.2,1023.71,OPEN,0.0
2026-03-20 12:23:50,-18.99,28.18,1023.72,OPEN,0.0
2026-03-20 12:24:00,-19.03,28.17,1023.73,OPEN,0.0
2026-03-20 12:24:10,-19.06,28.15,1023.72,OPEN,0.0
2026-03-20 12:24:20,-19.1,28.14,1023.72,OPEN,0.0
2026-03-20 12:24:30,-19.14,28.13,1023.72,OPEN,0.0
2026-03-20 12:24:40,-19.18,28.12,1023.72,OPEN,0.0
2026-03-20 12:24:50,-19.22,28.1,1023.71,OPEN,0.0
2026-03-20 12:25:00,-19.26,28.09,1023.72,OPEN,0.0
2026-03-20 12:25:10,-19.3,28.07,1023.72,OPEN,0.0
2026-03-20 12:25:20,-19.33,28.05,1023.71,OPEN,0.0
2026-03-20 12:25:30,-19.36,28.03,1023.7,OPEN,0.0
2026-03-20 12:25:40,-19.4,28.01,1023.7,OPEN,0.0
2026-03-20 12:25:50,-19.42,28.0,1023.68,OPEN,0.0
2026-03-20 12:26:00,-19.46,27.99,1023.69,OPEN,0.0
2026-03-20 12:26:10,-19.5,27.99,1023.71,OPEN,0.0
2026-03-20 12:26:20,-19.53,27.98,1023.71,OPEN,0.0
2026-03-20 12:26:30,-19.56,27.96,1023.71,OPEN,0.0
2026-03-20 12:26:40,-19.59,27.96,1023.71,OPEN,0.0
2026-03-20 12:26:50,-19.63,27.95,1023.7,OPEN,0.0
