timestamp,temperature_c,humidity_pct,pressure_hpa,door_status,light_level
2026-03-04 08:26:23,CLOSED,9.21,34.49,1025.91,0
2026-03-04 08:26:33,CLOSED,9.18,34.26,1025.91,0
2026-03-04 08:26:43,CLOSED,9.14,33.98,1025.91,0
2026-03-04 08:26:53,CLOSED,9.09,33.74,1025.9,0
2026-03-04 08:27:03,CLOSED,9.06,33.53,1025.92,0
2026-03-04 08:27:13,CLOSED,9.0,33.34,1025.94,0
2026-03-04 08:27:23,CLOSED,8.97,33.12,1025.93,0
2026-03-04 08:27:33,CLOSED,8.95,32.91,1025.92,0
2026-03-04 08:27:43,CLOSED,8.92,32.67,1025.94,0
2026-03-04 08:27:53,CLOSED,8.86,32.45,1025.95,0
2026-03-04 08:28:03,CLOSED,8.8,32.25,1025.95,0
2026-03-04 08:28:13,CLOSED,8.76,32.03,1025.94,0
2026-03-04 08:28:23,CLOSED,8.69,31.83,1025.98,0
2026-03-04 08:28:33,CLOSED,8.67,31.64,1025.96,0
2026-03-04 08:28:43,CLOSED,8.61,31.45,1025.99,0
2026-03-04 08:28:53,CLOSED,8.58,31.25,1025.98,0
2026-03-04 08:29:03,CLOSED,8.5,31.12,1025.97,0
2026-03-04 08:29:13,CLOSED,8.46,30.93,1025.97,0
2026-03-04 08:29:23,CLOSED,8.41,30.83,1025.97,0
2026-03-04 08:29:33,CLOSED,8.39,30.66,1025.98,0
2026-03-04 08:29:43,CLOSED,8.35,30.44,1025.97,0
2026-03-04 08:29:53,CLOSED,8.29,30.3,1025.98,0
2026-03-04 08:30:03,CLOSED,8.36,30.2,1025.99,0
2026-03-04 08:30:13,CLOSED,8.56,30.38,1026.01,0
2026-03-04 08:30:23,CLOSED,8.73,30.83,1025.97,0
2026-03-04 08:30:33,CLOSED,8.84,31.13,1025.95,0
2026-03-04 08:30:43,CLOSED,8.91,31.35,1025.96,0
2026-03-04 08:30:53,CLOSED,8.98,31.58,1025.93,0
2026-03-04 08:31:03,CLOSED,9.04,31.76,1025.93,0
2026-03-04 08:31:13,CLOSED,9.09,31.72,1025.93,0
2026-03-04 08:31:23,CLOSED,9.12,31.75,1025.94,0
2026-03-04 08:31:33,CLOSED,9.18,31.77,1025.92,0
2026-03-04 08:31:43,CLOSED,9.23,31.71,1025.96,0
2026-03-04 08:31:53,CLOSED,9.24,31.62,1025.97,0
2026-03-04 08:32:03,CLOSED,9.28,31.55,1025.96,0
2026-03-04 08:32:13,CLOSED,9.3,31.52,1025.93,0
2026-03-04 08:32:23,CLOSED,9.32,31.53,1025.93,0
2026-03-04 08:32:33,CLOSED,9.35,31.51,1025.93,0
2026-03-04 08:32:43,CLOSED,9.37,31.54,1025.92,0
2026-03-04 08:32:53,CLOSED,9.38,31.49,1025.92,0
2026-03-04 08:33:03,CLOSED,9.39,31.54,1025.94,0
2026-03-04 08:33:13,CLOSED,9.43,31.51,1025.95,0
2026-03-04 08:33:24,CLOSED,9.44,31.4,1025.93,0
2026-03-04 08:33:34,CLOSED,9.45,31.43,1025.95,0
2026-03-04 08:33:44,CLOSED,9.47,31.38,1025.96,0
2026-03-04 08:33:54,CLOSED,9.47,31.43,1025.94,0
2026-03-04 08:34:04,CLOSED,9.5,31.5,1025.96,0
2026-03-04 08:34:14,CLOSED,9.51,31.43,1025.96,0
2026-03-04 08:34:24,CLOSED,9.53,31.5,1025.95,0
2026-03-04 08:34:34,CLOSED,9.54,31.57,1025.97,0
2026-03-04 08:34:44,CLOSED,9.55,31.57,1025.95,0
2026-03-04 08:34:54,CLOSED,9.57,31.63,1025.96,0
2026-03-04 08:35:04,CLOSED,9.59,31.67,1025.93,0
2026-03-04 08:35:14,CLOSED,9.6,31.65,1025.95,0
2026-03-04 08:35:24,CLOSED,9.62,31.73,1025.95,0
2026-03-04 08:35:34,CLOSED,9.63,31.72,1025.94,0
2026-03-04 08:35:44,CLOSED,9.64,31.81,1025.92,0
2026-03-04 08:35:54,CLOSED,9.66,31.89,1025.94,0
2026-03-04 08:36:04,CLOSED,9.68,31.95,1025.95,0
2026-03-04 08:36:14,CLOSED,9.68,32.01,1025.93,0
2026-03-04 08:36:24,CLOSED,9.69,31.99,1025.94,0
2026-03-04 08:36:34,CLOSED,9.7,32.04,1025.93,0
2026-03-04 08:36:44,CLOSED,9.7,32.1,1025.93,0
2026-03-04 08:36:54,CLOSED,9.72,32.14,1025.94,0
2026-03-04 08:37:04,CLOSED,9.73,32.23,1025.93,0
2026-03-04 08:37:14,CLOSED,9.74,32.29,1025.93,0
2026-03-04 08:37:24,CLOSED,9.75,32.36,1025.92,0
2026-03-04 08:37:34,CLOSED,9.76,32.39,1025.92,0
2026-03-04 08:37:44,CLOSED,9.77,32.46,1025.93,0
2026-03-04 08:37:54,CLOSED,9.79,32.5,1025.93,0
2026-03-04 08:38:04,CLOSED,9.8,32.59,1025.93,0
2026-03-04 08:38:14,CLOSED,9.81,32.65,1025.92,0
2026-03-04 08:38:24,CLOSED,9.83,32.74,1025.92,0
2026-03-04 08:38:34,CLOSED,9.83,32.78,1025.94,0
2026-03-04 08:38:44,CLOSED,9.85,32.82,1025.93,0
2026-03-04 08:38:54,CLOSED,9.85,32.91,1025.93,0
2026-03-04 08:39:04,CLOSED,9.86,32.94,1025.92,0
2026-03-04 08:39:14,CLOSED,9.87,33.0,1025.93,0
2026-03-04 08:39:24,CLOSED,9.89,33.05,1025.92,0
2026-03-04 08:39:34,CLOSED,9.9,33.11,1025.92,0
2026-03-04 08:39:44,CLOSED,9.9,33.17,1025.93,0
2026-03-04 08:39:54,CLOSED,9.91,33.21,1025.94,0
2026-03-04 08:40:04,CLOSED,9.92,33.3,1025.94,0
2026-03-04 08:40:14,CLOSED,9.93,33.37,1025.94,0
2026-03-04 08:40:24,CLOSED,9.95,33.42,1025.94,0
2026-03-04 08:40:34,CLOSED,9.93,33.5,1025.95,0
2026-03-04 08:40:44,CLOSED,9.93,33.57,1025.95,0
2026-03-04 08:40:54,CLOSED,9.94,33.65,1025.96,0
2026-03-04 08:41:04,CLOSED,9.96,33.68,1025.94,0
2026-03-04 08:41:14,CLOSED,9.97,33.76,1025.92,0
2026-03-04 08:41:24,CLOSED,9.98,33.82,1025.94,0
2026-03-04 08:41:34,CLOSED,10.0,33.88,1025.93,0
2026-03-04 08:41:44,CLOSED,10.0,33.94,1025.93,0
2026-03-04 08:41:54,CLOSED,10.01,34.01,1025.94,0
2026-03-04 08:42:04,CLOSED,10.01,34.09,1025.94,0
2026-03-04 08:42:14,CLOSED,10.02,34.13,1025.93,0
2026-03-04 08:42:24,CLOSED,10.01,34.22,1025.92,0
2026-03-04 08:42:34,CLOSED,10.03,34.26,1025.92,0
2026-03-04 08:42:44,CLOSED,10.03,34.32,1025.94,0
2026-03-04 08:42:54,CLOSED,10.04,34.37,1025.93,0
2026-03-04 08:43:04,CLOSED,10.04,34.43,1025.92,0
2026-03-04 08:43:14,CLOSED,10.04,34.51,1025.92,0
2026-03-04 08:43:24,CLOSED,10.05,34.61,1025.92,0
2026-03-04 08:43:34,CLOSED,10.04,34.7,1025.9,0
2026-03-04 08:43:44,CLOSED,10.03,34.79,1025.92,0
2026-03-04 08:43:54,CLOSED,10.04,34.81,1025.92,0
2026-03-04 08:44:04,CLOSED,10.04,34.87,1025.92,0
2026-03-04 08:44:14,CLOSED,10.05,34.95,1025.9,0
2026-03-04 08:44:24,CLOSED,10.05,35.05,1025.9,0
2026-03-04 08:44:34,CLOSED,10.07,35.08,1025.9,0
2026-03-04 08:44:44,CLOSED,10.07,35.15,1025.89,0
2026-03-04 08:44:54,CLOSED,10.08,35.21,1025.89,0
2026-03-04 08:45:04,CLOSED,10.08,35.28,1025.9,0
2026-03-04 08:45:14,CLOSED,10.07,35.37,1025.89,0
2026-03-04 08:45:24,CLOSED,10.07,35.43,1025.89,0
2026-03-04 08:45:34,CLOSED,10.06,35.51,1025.9,0
2026-03-04 08:45:44,CLOSED,10.07,35.59,1025.9,0
2026-03-04 08:45:54,CLOSED,10.07,35.66,1025.9,0
2026-03-04 08:46:04,CLOSED,10.08,35.72,1025.9,0
2026-03-04 08:46:14,CLOSED,10.11,35.77,1025.87,0
2026-03-04 08:46:24,CLOSED,10.11,35.82,1025.87,0
2026-03-04 08:46:34,CLOSED,10.08,35.91,1025.87,0
2026-03-04 08:46:44,CLOSED,10.06,36.49,1025.9,0
2026-03-04 08:46:54,CLOSED,10.03,37.21,1025.88,0
2026-03-04 08:47:04,CLOSED,9.95,37.64,1025.87,0
2026-03-04 08:47:14,CLOSED,9.92,38.05,1025.87,0
2026-03-04 08:47:24,CLOSED,9.93,38.4,1025.88,0
2026-03-04 08:47:34,CLOSED,9.91,38.66,1025.88,0
2026-03-04 08:47:44,CLOSED,9.89,38.93,1025.9,0
2026-03-04 08:47:54,CLOSED,9.84,39.24,1025.88,0
2026-03-04 08:48:04,CLOSED,9.78,39.59,1025.89,0
2026-03-04 08:48:14,CLOSED,9.71,39.95,1025.88,0
2026-03-04 08:48:24,CLOSED,9.65,40.27,1025.9,0
2026-03-04 08:48:34,CLOSED,9.61,40.59,1025.89,0
2026-03-04 08:48:44,CLOSED,9.57,40.91,1025.89,0
2026-03-04 08:48:54,CLOSED,9.52,41.25,1025.88,0
2026-03-04 08:49:04,CLOSED,9.51,41.48,1025.89,0
2026-03-04 08:49:14,CLOSED,9.47,41.78,1025.89,0
2026-03-04 08:49:24,CLOSED,9.41,42.11,1025.87,0
2026-03-04 08:49:34,CLOSED,9.36,42.44,1025.87,0
2026-03-04 08:49:44,CLOSED,9.3,42.77,1025.87,0
2026-03-04 08:49:54,CLOSED,9.26,43.06,1025.88,0
2026-03-04 08:50:04,CLOSED,9.25,43.32,1025.89,0
2026-03-04 08:50:14,CLOSED,9.22,43.59,1025.89,0
2026-03-04 08:50:24,CLOSED,9.16,43.86,1025.87,0
2026-03-04 08:50:34,CLOSED,9.14,44.12,1025.88,0
2026-03-04 08:50:44,CLOSED,9.14,44.33,1025.88,0
2026-03-04 08:50:54,CLOSED,9.11,44.58,1025.88,0
2026-03-04 08:51:04,CLOSED,9.05,44.88,1025.88,0
2026-03-04 08:51:14,CLOSED,9.01,45.16,1025.87,0
2026-03-04 08:51:24,CLOSED,8.99,45.4,1025.88,0
2026-03-04 08:51:34,CLOSED,8.94,45.66,1025.88,0
2026-03-04 08:51:44,CLOSED,8.93,45.88,1025.89,0
2026-03-04 08:51:54,CLOSED,8.91,46.12,1025.9,0
2026-03-04 08:52:04,CLOSED,8.86,46.38,1025.9,0
2026-03-04 08:52:14,CLOSED,8.84,46.61,1025.89,0
2026-03-04 08:52:24,CLOSED,8.82,46.81,1025.89,0
2026-03-04 08:52:34,CLOSED,8.81,47.02,1025.89,0
2026-03-04 08:52:44,CLOSED,8.78,47.25,1025.89,0
2026-03-04 08:52:54,CLOSED,8.76,47.45,1025.92,0
2026-03-04 08:53:04,CLOSED,8.75,47.66,1025.9,0
2026-03-04 08:53:14,CLOSED,8.74,47.86,1025.91,0
2026-03-04 08:53:24,CLOSED,8.71,48.05,1025.91,0
2026-03-04 08:53:34,CLOSED,8.68,48.27,1025.91,0
2026-03-04 08:53:44,CLOSED,8.67,48.45,1025.93,0
2026-03-04 08:53:54,CLOSED,8.66,48.63,1025.93,0
2026-03-04 08:54:04,CLOSED,8.64,48.83,1025.94,0
2026-03-04 08:54:14,CLOSED,8.63,49.0,1025.9,0
2026-03-04 08:54:24,CLOSED,8.61,49.17,1025.91,0
2026-03-04 08:54:34,CLOSED,8.61,49.33,1025.92,0
2026-03-04 08:54:44,CLOSED,8.6,49.5,1025.93,0
2026-03-04 08:54:54,CLOSED,8.59,49.68,1025.93,0
2026-03-04 08:55:04,CLOSED,8.6,49.78,1025.92,0
2026-03-04 08:55:14,CLOSED,8.6,49.91,1025.92,0
2026-03-04 08:55:24,CLOSED,8.58,50.09,1025.93,0
2026-03-04 08:55:34,CLOSED,8.56,50.24,1025.91,0
2026-03-04 08:55:44,CLOSED,8.56,50.39,1025.92,0
2026-03-04 08:55:54,CLOSED,8.55,50.54,1025.91,0
2026-03-04 08:56:04,CLOSED,8.53,50.69,1025.92,0
2026-03-04 08:56:14,CLOSED,8.52,50.82,1025.9,0
2026-03-04 08:56:24,CLOSED,8.51,50.95,1025.92,0
2026-03-04 08:56:34,CLOSED,8.52,51.09,1025.92,0
2026-03-04 08:56:44,CLOSED,8.49,51.21,1025.9,0
2026-03-04 08:56:54,CLOSED,8.48,51.36,1025.91,0
2026-03-04 08:57:04,CLOSED,8.46,51.51,1025.92,0
2026-03-04 08:57:14,CLOSED,8.44,51.65,1025.89,0
2026-03-04 08:57:24,CLOSED,8.45,51.76,1025.9,0
2026-03-04 08:57:34,CLOSED,8.45,51.86,1025.9,0
2026-03-04 08:57:44,CLOSED,8.43,51.99,1025.9,0
2026-03-04 08:57:54,CLOSED,8.42,52.11,1025.91,0
2026-03-04 08:58:04,CLOSED,8.41,52.24,1025.89,0
2026-03-04 08:58:14,CLOSED,8.45,52.27,1025.89,0
2026-03-04 08:58:24,CLOSED,8.43,52.38,1025.88,0
2026-03-04 08:58:34,CLOSED,8.42,52.48,1025.87,0
2026-03-04 08:58:44,CLOSED,8.41,52.58,1025.86,0
2026-03-04 08:58:54,CLOSED,8.4,52.67,1025.87,0
2026-03-04 08:59:04,CLOSED,8.39,52.79,1025.88,0
2026-03-04 08:59:14,CLOSED,8.38,52.9,1025.89,0
2026-03-04 08:59:24,CLOSED,8.36,53.01,1025.89,0
2026-03-04 08:59:34,CLOSED,8.37,53.09,1025.91,0
2026-03-04 08:59:44,CLOSED,8.36,53.18,1025.9,0
2026-03-04 08:59:54,CLOSED,8.37,53.27,1025.89,0
2026-03-04 09:00:04,CLOSED,8.39,53.31,1025.88,0
2026-03-04 09:00:14,CLOSED,8.38,53.36,1025.89,0
2026-03-04 09:00:24,CLOSED,8.35,53.49,1025.88,0
2026-03-04 09:00:34,CLOSED,8.35,53.56,1025.87,0
2026-03-04 09:00:44,CLOSED,8.34,53.66,1025.88,0
2026-03-04 09:00:54,CLOSED,8.35,53.73,1025.89,0
2026-03-04 09:01:04,CLOSED,8.33,53.82,1025.89,0
2026-03-04 09:01:14,CLOSED,8.37,53.85,1025.89,0
2026-03-04 09:01:24,CLOSED,8.39,53.86,1025.88,0
2026-03-04 09:01:34,CLOSED,8.38,53.92,1025.9,0
2026-03-04 09:01:44,CLOSED,8.38,53.99,1025.88,0
2026-03-04 09:01:54,CLOSED,8.36,54.08,1025.89,0
2026-03-04 09:02:04,CLOSED,8.34,54.19,1025.9,0
2026-03-04 09:02:14,CLOSED,8.33,54.26,1025.87,0
2026-03-04 09:02:24,CLOSED,8.33,54.33,1025.88,0
2026-03-04 09:02:34,CLOSED,8.3,54.45,1025.87,0
2026-03-04 09:02:44,CLOSED,8.34,54.47,1025.85,0
2026-03-04 09:02:54,CLOSED,8.35,54.51,1025.87,0
2026-03-04 09:03:04,CLOSED,8.34,54.58,1025.87,0
2026-03-04 09:03:14,CLOSED,8.34,54.64,1025.89,0
2026-03-04 09:03:24,CLOSED,8.32,54.72,1025.88,0
2026-03-04 09:03:34,CLOSED,8.32,54.8,1025.88,0
2026-03-04 09:03:44,CLOSED,8.3,54.89,1025.89,0
2026-03-04 09:03:54,CLOSED,8.32,54.94,1025.87,0
2026-03-04 09:04:04,CLOSED,8.32,55.0,1025.87,0
2026-03-04 09:04:14,CLOSED,8.31,55.08,1025.87,0
2026-03-04 09:04:24,CLOSED,8.3,55.16,1025.87,0
2026-03-04 09:04:34,CLOSED,8.31,55.21,1025.87,0
2026-03-04 09:04:44,CLOSED,8.29,55.31,1025.89,0
2026-03-04 09:04:54,CLOSED,8.31,55.34,1025.89,0
2026-03-04 09:05:04,CLOSED,8.28,55.45,1025.85,0
2026-03-04 09:05:14,CLOSED,8.31,55.48,1025.88,0
2026-03-04 09:05:24,CLOSED,8.3,55.55,1025.86,0
2026-03-04 09:05:34,CLOSED,8.31,55.61,1025.88,0
2026-03-04 09:05:44,CLOSED,8.3,55.67,1025.87,0
2026-03-04 09:05:54,CLOSED,8.32,55.72,1025.88,0
2026-03-04 09:06:04,CLOSED,8.32,55.77,1025.88,0
2026-03-04 09:06:14,CLOSED,8.32,55.82,1025.9,0
2026-03-04 09:06:24,CLOSED,8.3,55.91,1025.88,0
2026-03-04 09:06:34,CLOSED,8.33,55.95,1025.86,0
2026-03-04 09:06:44,CLOSED,8.32,56.0,1025.86,0
2026-03-04 09:06:54,CLOSED,8.35,56.03,1025.87,0
2026-03-04 09:07:04,CLOSED,8.34,56.11,1025.85,0
2026-03-04 09:07:14,CLOSED,8.32,56.18,1025.88,0
2026-03-04 09:07:24,CLOSED,8.32,56.25,1025.87,0
2026-03-04 09:07:34,CLOSED,8.33,56.31,1025.87,0
2026-03-04 09:07:44,CLOSED,8.31,56.38,1025.89,0
2026-03-04 09:07:54,CLOSED,8.29,56.48,1025.88,0
2026-03-04 09:08:04,CLOSED,8.29,56.56,1025.88,0
2026-03-04 09:08:14,CLOSED,8.32,56.57,1025.88,0
2026-03-04 09:08:24,CLOSED,8.33,56.6,1025.88,0
2026-03-04 09:08:34,CLOSED,8.34,56.66,1025.87,0
2026-03-04 09:08:44,CLOSED,8.35,56.67,1025.87,0
2026-03-04 09:08:54,CLOSED,8.38,56.68,1025.89,0
2026-03-04 09:09:04,CLOSED,8.38,56.71,1025.88,0
2026-03-04 09:09:14,CLOSED,8.39,56.73,1025.87,0
2026-03-04 09:09:24,CLOSED,8.39,56.78,1025.88,0
2026-03-04 09:09:34,CLOSED,8.36,56.85,1025.87,0
2026-03-04 09:09:45,CLOSED,8.35,56.93,1025.87,0
2026-03-04 09:09:55,CLOSED,8.33,57.03,1025.88,0
2026-03-04 09:10:05,CLOSED,8.34,57.07,1025.88,0
2026-03-04 09:10:15,CLOSED,8.33,57.15,1025.88,0
2026-03-04 09:10:25,CLOSED,8.33,57.2,1025.88,0
2026-03-04 09:10:35,CLOSED,8.33,57.26,1025.86,0
2026-03-04 09:10:45,CLOSED,8.34,57.29,1025.86,0
2026-03-04 09:10:55,CLOSED,8.32,57.38,1025.85,0
2026-03-04 09:11:05,CLOSED,8.34,57.4,1025.86,0
2026-03-04 09:11:15,CLOSED,8.36,57.4,1025.86,0
2026-03-04 09:11:25,CLOSED,8.35,57.48,1025.85,0
2026-03-04 09:11:35,CLOSED,8.35,57.55,1025.86,0
2026-03-04 09:11:45,CLOSED,8.34,57.61,1025.85,0
2026-03-04 09:11:55,CLOSED,8.39,57.58,1025.87,0
2026-03-04 09:12:05,CLOSED,8.38,57.61,1025.85,0
2026-03-04 09:12:15,CLOSED,8.4,57.61,1025.87,0
2026-03-04 09:12:25,CLOSED,8.41,57.65,1025.85,0
2026-03-04 09:12:35,CLOSED,8.42,57.66,1025.85,0
2026-03-04 09:12:45,CLOSED,8.42,57.71,1025.87,0
2026-03-04 09:12:55,CLOSED,8.41,57.75,1025.85,0
2026-03-04 09:13:05,CLOSED,8.42,57.78,1025.86,0
2026-03-04 09:13:15,CLOSED,8.4,57.87,1025.84,0
2026-03-04 09:13:25,CLOSED,8.4,57.93,1025.85,0
2026-03-04 09:13:35,CLOSED,8.42,57.92,1025.85,0
2026-03-04 09:13:45,CLOSED,8.41,57.99,1025.84,0
2026-03-04 09:13:55,CLOSED,8.42,58.02,1025.85,0
2026-03-04 09:14:05,CLOSED,8.42,58.07,1025.86,0
2026-03-04 09:14:15,CLOSED,8.41,58.12,1025.87,0
2026-03-04 09:14:25,CLOSED,8.41,58.18,1025.86,0
2026-03-04 09:14:35,CLOSED,8.42,58.2,1025.86,0
2026-03-04 09:14:45,CLOSED,8.43,58.2,1025.86,0
2026-03-04 09:14:55,CLOSED,8.44,58.22,1025.86,0
2026-03-04 09:15:05,CLOSED,8.47,58.21,1025.87,0
2026-03-04 09:15:15,CLOSED,8.47,58.21,1025.87,0
2026-03-04 09:15:25,CLOSED,8.47,58.23,1025.88,0
2026-03-04 09:15:35,CLOSED,8.45,58.28,1025.89,0
2026-03-04 09:15:45,CLOSED,8.45,58.22,1025.89,0
2026-03-04 09:15:55,CLOSED,8.45,57.94,1025.88,0
2026-03-04 09:16:05,CLOSED,8.43,57.64,1025.88,0
2026-03-04 09:16:15,CLOSED,8.42,57.24,1025.88,0
2026-03-04 09:16:25,CLOSED,8.38,56.79,1025.88,0
2026-03-04 09:16:35,CLOSED,8.41,56.27,1025.87,0
2026-03-04 09:16:45,CLOSED,8.37,55.82,1025.87,0
2026-03-04 09:16:55,CLOSED,8.35,55.3,1025.86,0
2026-03-04 09:17:05,CLOSED,8.32,54.77,1025.84,0
2026-03-04 09:17:15,CLOSED,8.3,54.27,1025.87,0
2026-03-04 09:17:25,CLOSED,8.26,53.74,1025.9,0
2026-03-04 09:17:35,CLOSED,8.24,53.28,1025.88,0
2026-03-04 09:17:45,CLOSED,8.2,52.72,1025.87,0
2026-03-04 09:17:55,CLOSED,8.22,52.19,1025.89,0
2026-03-04 09:18:05,CLOSED,8.19,51.6,1025.87,0
2026-03-04 09:18:15,CLOSED,8.16,51.11,1025.88,0
2026-03-04 09:18:25,CLOSED,8.14,50.66,1025.9,0
2026-03-04 09:18:35,CLOSED,8.13,50.17,1025.88,0
2026-03-04 09:18:45,CLOSED,8.12,49.65,1025.88,0
2026-03-04 09:18:55,CLOSED,8.1,49.18,1025.86,0
2026-03-04 09:19:05,CLOSED,8.08,48.75,1025.88,0
2026-03-04 09:19:15,CLOSED,8.09,48.32,1025.9,0
2026-03-04 09:19:25,CLOSED,8.08,47.88,1025.89,0
2026-03-04 09:19:35,CLOSED,8.06,47.44,1025.87,0
2026-03-04 09:19:45,CLOSED,8.03,47.05,1025.87,0
2026-03-04 09:19:55,CLOSED,8.02,46.68,1025.86,0
2026-03-04 09:20:05,CLOSED,7.97,46.28,1025.86,0
2026-03-04 09:20:15,CLOSED,7.94,45.85,1025.88,0
2026-03-04 09:20:25,CLOSED,7.91,45.47,1025.88,0
2026-03-04 09:20:35,CLOSED,7.88,45.03,1025.87,0
2026-03-04 09:20:45,CLOSED,7.84,44.66,1025.88,0
2026-03-04 09:20:55,CLOSED,7.83,44.28,1025.88,0
2026-03-04 09:21:05,CLOSED,7.84,43.81,1025.87,0
2026-03-04 09:21:15,CLOSED,7.8,43.39,1025.86,0
2026-03-04 09:21:25,CLOSED,7.77,43.03,1025.88,0
2026-03-04 09:21:35,CLOSED,7.75,42.58,1025.88,0
2026-03-04 09:21:45,CLOSED,7.74,42.17,1025.88,0
2026-03-04 09:21:55,CLOSED,7.71,41.73,1025.86,0
2026-03-04 09:22:05,CLOSED,7.68,41.36,1025.87,0
2026-03-04 09:22:15,CLOSED,7.69,40.94,1025.87,0
2026-03-04 09:22:25,CLOSED,7.69,40.46,1025.88,0
2026-03-04 09:22:35,CLOSED,7.67,40.06,1025.89,0
2026-03-04 09:22:45,CLOSED,7.63,39.71,1025.89,0
2026-03-04 09:22:55,CLOSED,7.64,39.27,1025.89,0
2026-03-04 09:23:05,CLOSED,7.61,38.82,1025.87,0
2026-03-04 09:23:15,CLOSED,7.57,38.45,1025.88,0
2026-03-04 09:23:25,CLOSED,7.53,38.12,1025.9,0
2026-03-04 09:23:35,CLOSED,7.5,37.77,1025.9,0
2026-03-04 09:23:45,CLOSED,7.47,37.39,1025.88,0
2026-03-04 09:23:55,CLOSED,7.46,37.09,1025.9,0
2026-03-04 09:24:05,CLOSED,7.42,36.74,1025.88,0
2026-03-04 09:24:15,CLOSED,7.41,36.46,1025.89,0
2026-03-04 09:24:25,CLOSED,7.42,36.09,1025.9,0
2026-03-04 09:24:35,CLOSED,7.38,35.81,1025.86,0
2026-03-04 09:24:45,CLOSED,7.36,35.51,1025.86,0
2026-03-04 09:24:55,CLOSED,7.31,35.24,1025.87,0
2026-03-04 09:25:05,CLOSED,7.3,34.96,1025.87,0
2026-03-04 09:25:15,CLOSED,7.26,34.79,1025.9,0
2026-03-04 09:25:25,CLOSED,7.28,34.5,1025.88,0
2026-03-04 09:25:35,CLOSED,7.26,34.24,1025.87,0
2026-03-04 09:25:45,CLOSED,7.23,34.02,1025.89,0
2026-03-04 09:25:55,CLOSED,7.2,33.84,1025.89,0
2026-03-04 09:26:05,CLOSED,7.15,33.62,1025.9,0
2026-03-04 09:26:15,CLOSED,7.13,33.43,1025.89,0
2026-03-04 09:26:25,CLOSED,7.1,33.21,1025.9,0
2026-03-04 09:26:35,CLOSED,7.08,32.99,1025.88,0
2026-03-04 09:26:45,CLOSED,7.06,32.79,1025.89,0
2026-03-04 09:26:55,CLOSED,7.03,32.63,1025.88,0
2026-03-04 09:27:05,CLOSED,7.02,32.42,1025.88,0
2026-03-04 09:27:15,CLOSED,7.03,32.21,1025.88,0
2026-03-04 09:27:25,CLOSED,7.0,32.04,1025.89,0
2026-03-04 09:27:35,CLOSED,6.96,31.89,1025.88,0
2026-03-04 09:27:45,CLOSED,6.94,31.71,1025.89,0
2026-03-04 09:27:55,CLOSED,6.91,31.56,1025.88,0
2026-03-04 09:28:05,CLOSED,6.89,31.42,1025.89,0
2026-03-04 09:28:15,CLOSED,6.87,31.26,1025.88,0
2026-03-04 09:28:25,CLOSED,6.86,31.09,1025.89,0
2026-03-04 09:28:35,CLOSED,6.85,30.92,1025.88,0
2026-03-04 09:28:45,CLOSED,6.82,30.77,1025.88,0
2026-03-04 09:28:55,CLOSED,6.81,30.59,1025.86,0
2026-03-04 09:29:05,CLOSED,6.83,30.44,1025.86,0
2026-03-04 09:29:15,CLOSED,7.0,30.41,1025.86,0
2026-03-04 09:29:25,CLOSED,7.18,30.62,1025.86,0
2026-03-04 09:29:35,CLOSED,7.29,30.72,1025.84,0
2026-03-04 09:29:45,CLOSED,7.37,30.91,1025.83,0
2026-03-04 09:29:55,CLOSED,7.45,31.05,1025.83,0
2026-03-04 09:30:05,CLOSED,7.5,31.17,1025.82,0
2026-03-04 09:30:15,CLOSED,7.56,31.22,1025.84,0
2026-03-04 09:30:25,CLOSED,7.61,31.18,1025.84,0
2026-03-04 09:30:35,CLOSED,7.66,31.26,1025.83,0
2026-03-04 09:30:45,CLOSED,7.7,31.29,1025.8,0
2026-03-04 09:30:55,CLOSED,7.74,31.23,1025.81,0
2026-03-04 09:31:05,CLOSED,7.77,31.17,1025.81,0
2026-03-04 09:31:15,CLOSED,7.81,31.14,1025.8,0
2026-03-04 09:31:25,CLOSED,7.85,31.2,1025.81,0
2026-03-04 09:31:35,CLOSED,7.88,31.12,1025.77,0
2026-03-04 09:31:45,CLOSED,7.92,31.09,1025.79,0
2026-03-04 09:31:55,CLOSED,7.95,31.17,1025.78,0
2026-03-04 09:32:05,CLOSED,7.99,31.13,1025.76,0
2026-03-04 09:32:15,CLOSED,8.02,31.17,1025.76,0
2026-03-04 09:32:25,CLOSED,8.05,31.17,1025.76,0
2026-03-04 09:32:35,CLOSED,8.07,31.14,1025.76,0
2026-03-04 09:32:45,CLOSED,8.1,31.14,1025.76,0
2026-03-04 09:32:55,CLOSED,8.13,31.18,1025.74,0
2026-03-04 09:33:05,CLOSED,8.15,31.18,1025.74,0
2026-03-04 09:33:15,CLOSED,8.18,31.21,1025.73,0
2026-03-04 09:33:25,CLOSED,8.21,31.24,1025.74,0
2026-03-04 09:33:35,CLOSED,8.24,31.25,1025.74,0
2026-03-04 09:33:45,CLOSED,8.27,31.2,1025.74,0
2026-03-04 09:33:55,CLOSED,8.29,31.29,1025.73,0
2026-03-04 09:34:05,CLOSED,8.32,31.22,1025.72,0
2026-03-04 09:34:15,CLOSED,8.35,31.33,1025.72,0
2026-03-04 09:34:25,CLOSED,8.36,31.3,1025.72,0
2026-03-04 09:34:35,CLOSED,8.4,31.36,1025.72,0
2026-03-04 09:34:45,CLOSED,8.42,31.41,1025.72,0
2026-03-04 09:34:55,CLOSED,8.45,31.45,1025.75,0
2026-03-04 09:35:05,CLOSED,8.47,31.47,1025.73,0
2026-03-04 09:35:15,CLOSED,8.49,31.5,1025.72,0
2026-03-04 09:35:25,CLOSED,8.51,31.54,1025.72,0
2026-03-04 09:35:35,CLOSED,8.53,31.57,1025.72,0
2026-03-04 09:35:45,CLOSED,8.56,31.61,1025.72,0
2026-03-04 09:35:55,CLOSED,8.58,31.65,1025.72,0
2026-03-04 09:36:05,CLOSED,8.61,31.72,1025.7,0
2026-03-04 09:36:15,CLOSED,8.63,31.74,1025.7,0
2026-03-04 09:36:25,CLOSED,8.66,31.77,1025.7,0
2026-03-04 09:36:35,CLOSED,8.68,31.83,1025.69,0
2026-03-04 09:36:45,CLOSED,8.71,31.88,1025.71,0
2026-03-04 09:36:55,CLOSED,8.72,31.94,1025.71,0
2026-03-04 09:37:05,CLOSED,8.74,32.01,1025.71,0
2026-03-04 09:37:15,CLOSED,8.76,32.07,1025.71,0
2026-03-04 09:37:25,CLOSED,8.78,32.14,1025.69,0
2026-03-04 09:37:35,CLOSED,8.81,32.18,1025.69,0
2026-03-04 09:37:45,CLOSED,8.83,32.23,1025.69,0
2026-03-04 09:37:55,CLOSED,8.86,32.28,1025.69,0
2026-03-04 09:38:05,CLOSED,8.89,32.36,1025.71,0
2026-03-04 09:38:15,CLOSED,8.91,32.42,1025.71,0
2026-03-04 09:38:25,CLOSED,8.93,32.46,1025.69,0
2026-03-04 09:38:35,CLOSED,8.96,32.53,1025.69,0
2026-03-04 09:38:45,CLOSED,8.98,32.58,1025.73,0
2026-03-04 09:38:55,CLOSED,9.0,32.66,1025.72,0
2026-03-04 09:39:05,CLOSED,9.02,32.71,1025.72,0
2026-03-04 09:39:15,CLOSED,9.05,32.76,1025.71,0
2026-03-04 09:39:25,CLOSED,9.07,32.81,1025.72,0
2026-03-04 09:39:35,CLOSED,9.09,32.87,1025.72,0
2026-03-04 09:39:45,CLOSED,9.12,32.92,1025.72,0
2026-03-04 09:39:55,CLOSED,9.13,32.97,1025.72,0
2026-03-04 09:40:05,CLOSED,9.16,33.04,1025.72,0
2026-03-04 09:40:15,CLOSED,9.17,33.1,1025.73,0
2026-03-04 09:40:25,CLOSED,9.2,33.16,1025.74,0
2026-03-04 09:40:35,CLOSED,9.22,33.21,1025.75,0
2026-03-04 09:40:45,CLOSED,9.24,33.27,1025.74,0
2026-03-04 09:40:55,CLOSED,9.25,33.34,1025.74,0
2026-03-04 09:41:05,CLOSED,9.27,33.41,1025.76,0
2026-03-04 09:41:15,CLOSED,9.29,33.47,1025.77,0
2026-03-04 09:41:25,CLOSED,9.3,33.54,1025.76,0
2026-03-04 09:41:35,CLOSED,9.3,33.61,1025.76,0
2026-03-04 09:41:45,CLOSED,9.32,33.66,1025.77,0
2026-03-04 09:41:55,CLOSED,9.34,33.72,1025.78,0
2026-03-04 09:42:05,CLOSED,9.36,33.78,1025.79,0
2026-03-04 09:42:15,CLOSED,9.38,33.84,1025.79,0
2026-03-04 09:42:25,CLOSED,9.39,33.91,1025.77,0
2026-03-04 09:42:35,CLOSED,9.41,33.97,1025.77,0
2026-03-04 09:42:45,CLOSED,9.42,34.03,1025.79,0
2026-03-04 09:42:55,CLOSED,9.43,34.11,1025.79,0
2026-03-04 09:43:05,CLOSED,9.44,34.17,1025.78,0
2026-03-04 09:43:15,CLOSED,9.44,34.24,1025.79,0
2026-03-04 09:43:25,CLOSED,9.45,34.32,1025.78,0
2026-03-04 09:43:35,CLOSED,9.45,34.39,1025.77,0
2026-03-04 09:43:45,CLOSED,9.47,34.44,1025.78,0
2026-03-04 09:43:55,CLOSED,9.47,34.54,1025.78,0
2026-03-04 09:44:05,CLOSED,9.49,34.59,1025.77,0
2026-03-04 09:44:15,CLOSED,9.52,34.64,1025.78,0
2026-03-04 09:44:25,CLOSED,9.52,34.72,1025.78,0
2026-03-04 09:44:35,CLOSED,9.53,34.78,1025.79,0
2026-03-04 09:44:45,CLOSED,9.54,34.84,1025.81,0
2026-03-04 09:44:55,CLOSED,9.54,34.92,1025.8,0
2026-03-04 09:45:05,CLOSED,9.57,34.96,1025.8,0
2026-03-04 09:45:15,CLOSED,9.58,35.03,1025.81,0
2026-03-04 09:45:25,CLOSED,9.6,35.09,1025.82,0
2026-03-04 09:45:35,CLOSED,9.59,35.16,1025.82,0
2026-03-04 09:45:45,CLOSED,9.61,35.22,1025.81,0
2026-03-04 09:45:55,CLOSED,9.62,35.3,1025.79,0
2026-03-04 09:46:06,CLOSED,9.62,35.35,1025.79,0
2026-03-04 09:46:16,CLOSED,9.63,35.43,1025.82,0
2026-03-04 09:46:26,CLOSED,9.66,35.46,1025.8,0
2026-03-04 09:46:36,CLOSED,9.67,35.52,1025.81,0
2026-03-04 09:46:46,CLOSED,9.65,35.62,1025.79,0
2026-03-04 09:46:56,CLOSED,9.65,35.7,1025.81,0
2026-03-04 09:47:06,CLOSED,9.65,35.78,1025.8,0
2026-03-04 09:47:16,CLOSED,9.66,35.84,1025.8,0
2026-03-04 09:47:26,CLOSED,9.69,35.86,1025.8,0
2026-03-04 09:47:36,CLOSED,9.69,35.95,1025.83,0
2026-03-04 09:47:46,CLOSED,9.7,36.14,1025.81,0
2026-03-04 09:47:56,CLOSED,9.66,37.11,1025.8,0
2026-03-04 09:48:06,CLOSED,9.56,37.72,1025.81,0
2026-03-04 09:48:16,CLOSED,9.56,38.1,1025.83,0
2026-03-04 09:48:26,CLOSED,9.48,38.53,1025.81,0
2026-03-04 09:48:36,CLOSED,9.44,38.83,1025.81,0
2026-03-04 09:48:46,CLOSED,9.39,39.22,1025.81,0
2026-03-04 09:48:56,CLOSED,9.35,39.51,1025.81,0
2026-03-04 09:49:06,CLOSED,9.28,39.93,1025.79,0
2026-03-04 09:49:16,CLOSED,9.23,40.3,1025.79,0
2026-03-04 09:49:26,CLOSED,9.17,40.67,1025.78,0
2026-03-04 09:49:36,CLOSED,9.09,41.06,1025.78,0
2026-03-04 09:49:46,CLOSED,9.08,41.36,1025.77,0
2026-03-04 09:49:56,CLOSED,8.99,41.74,1025.78,0
2026-03-04 09:50:06,CLOSED,8.94,42.11,1025.8,0
2026-03-04 09:50:16,CLOSED,8.91,42.44,1025.8,0
2026-03-04 09:50:26,CLOSED,8.86,42.75,1025.8,0
2026-03-04 09:50:36,CLOSED,8.81,43.1,1025.78,0
2026-03-04 09:50:46,CLOSED,8.8,43.37,1025.79,0
2026-03-04 09:50:56,CLOSED,8.78,43.61,1025.81,0
2026-03-04 09:51:06,CLOSED,8.74,43.91,1025.8,0
2026-03-04 09:51:16,CLOSED,8.7,44.2,1025.77,0
2026-03-04 09:51:26,CLOSED,8.66,44.49,1025.79,0
2026-03-04 09:51:36,CLOSED,8.64,44.78,1025.78,0
2026-03-04 09:51:46,CLOSED,8.62,45.02,1025.79,0
2026-03-04 09:51:56,CLOSED,8.6,45.25,1025.79,0
2026-03-04 09:52:06,CLOSED,8.55,45.53,1025.78,0
2026-03-04 09:52:16,CLOSED,8.52,45.79,1025.79,0
2026-03-04 09:52:26,CLOSED,8.5,46.05,1025.78,0
2026-03-04 09:52:36,CLOSED,8.45,46.32,1025.8,0
2026-03-04 09:52:46,CLOSED,8.45,46.53,1025.79,0
2026-03-04 09:52:56,CLOSED,8.43,46.76,1025.8,0
2026-03-04 09:53:06,CLOSED,8.42,46.97,1025.79,0
2026-03-04 09:53:16,CLOSED,8.42,47.17,1025.8,0
2026-03-04 09:53:26,CLOSED,8.39,47.39,1025.79,0
2026-03-04 09:53:36,CLOSED,8.39,47.59,1025.79,0
2026-03-04 09:53:46,CLOSED,8.38,47.79,1025.78,0
2026-03-04 09:53:56,CLOSED,8.4,47.94,1025.77,0
2026-03-04 09:54:06,CLOSED,8.35,48.17,1025.75,0
2026-03-04 09:54:16,CLOSED,8.35,48.33,1025.78,0
2026-03-04 09:54:26,CLOSED,8.33,48.53,1025.76,0
2026-03-04 09:54:36,CLOSED,8.3,48.75,1025.76,0
2026-03-04 09:54:46,CLOSED,8.27,48.96,1025.76,0
2026-03-04 09:54:56,CLOSED,8.26,49.16,1025.75,0
2026-03-04 09:55:06,CLOSED,8.22,49.38,1025.75,0
2026-03-04 09:55:16,CLOSED,8.23,49.55,1025.75,0
2026-03-04 09:55:26,CLOSED,8.22,49.71,1025.75,0
2026-03-04 09:55:36,CLOSED,8.19,49.87,1025.74,0
2026-03-04 09:55:46,CLOSED,8.19,50.05,1025.77,0
2026-03-04 09:55:56,CLOSED,8.19,50.18,1025.74,0
2026-03-04 09:56:06,CLOSED,8.18,50.37,1025.75,0
2026-03-04 09:56:16,CLOSED,8.18,50.49,1025.77,0
2026-03-04 09:56:26,CLOSED,8.2,50.61,1025.76,0
2026-03-04 09:56:36,CLOSED,8.22,50.7,1025.76,0
2026-03-04 09:56:46,CLOSED,8.21,50.82,1025.77,0
2026-03-04 09:56:56,CLOSED,8.17,51.01,1025.77,0
2026-03-04 09:57:06,CLOSED,8.17,51.14,1025.75,0
2026-03-04 09:57:16,CLOSED,8.14,51.29,1025.75,0
2026-03-04 09:57:26,CLOSED,8.16,51.4,1025.73,0
2026-03-04 09:57:36,CLOSED,8.14,51.55,1025.75,0
2026-03-04 09:57:46,CLOSED,8.15,51.65,1025.75,0
2026-03-04 09:57:56,CLOSED,8.16,51.73,1025.75,0
2026-03-04 09:58:06,CLOSED,8.16,51.83,1025.74,0
2026-03-04 09:58:16,CLOSED,8.12,52.03,1025.75,0
2026-03-04 09:58:26,CLOSED,8.12,52.14,1025.74,0
2026-03-04 09:58:36,CLOSED,8.1,52.27,1025.76,0
2026-03-04 09:58:46,CLOSED,8.09,52.4,1025.76,0
2026-03-04 09:58:56,CLOSED,8.09,52.53,1025.78,0
2026-03-04 09:59:06,CLOSED,8.09,52.6,1025.77,0
2026-03-04 09:59:16,CLOSED,8.1,52.66,1025.78,0
2026-03-04 09:59:26,CLOSED,8.08,52.79,1025.76,0
2026-03-04 09:59:36,CLOSED,8.06,52.92,1025.78,0
2026-03-04 09:59:46,CLOSED,8.07,53.0,1025.78,0
2026-03-04 09:59:56,CLOSED,8.05,53.14,1025.77,0
2026-03-04 10:00:06,CLOSED,8.03,53.26,1025.75,0
2026-03-04 10:00:16,CLOSED,8.04,53.33,1025.76,0
2026-03-04 10:00:26,CLOSED,8.04,53.41,1025.79,0
2026-03-04 10:00:36,CLOSED,8.04,53.49,1025.77,0
2026-03-04 10:00:46,CLOSED,8.03,53.6,1025.77,0
2026-03-04 10:00:56,CLOSED,8.05,53.62,1025.76,0
2026-03-04 10:01:06,CLOSED,8.04,53.71,1025.77,0
2026-03-04 10:01:16,CLOSED,8.04,53.79,1025.77,0
2026-03-04 10:01:26,CLOSED,8.05,53.85,1025.77,0
2026-03-04 10:01:36,CLOSED,8.04,53.92,1025.76,0
2026-03-04 10:01:46,CLOSED,8.04,53.99,1025.76,0
2026-03-04 10:01:56,CLOSED,8.09,53.98,1025.74,0
2026-03-04 10:02:06,CLOSED,8.06,54.07,1025.74,0
2026-03-04 10:02:16,CLOSED,8.07,54.11,1025.75,0
2026-03-04 10:02:26,CLOSED,8.07,54.2,1025.74,0
2026-03-04 10:02:36,CLOSED,8.06,54.26,1025.74,0
2026-03-04 10:02:46,CLOSED,8.06,54.32,1025.75,0
2026-03-04 10:02:56,CLOSED,8.08,54.37,1025.74,0
2026-03-04 10:03:06,CLOSED,8.08,54.42,1025.75,0
2026-03-04 10:03:16,CLOSED,8.06,54.5,1025.73,0
2026-03-04 10:03:26,CLOSED,8.05,54.6,1025.74,0
2026-03-04 10:03:36,CLOSED,8.03,54.7,1025.73,0
2026-03-04 10:03:46,CLOSED,8.03,54.78,1025.73,0
2026-03-04 10:03:56,CLOSED,8.03,54.84,1025.73,0
2026-03-04 10:04:06,CLOSED,8.03,54.92,1025.72,0
2026-03-04 10:04:16,CLOSED,8.03,54.97,1025.72,0
2026-03-04 10:04:26,CLOSED,8.03,55.01,1025.72,0
2026-03-04 10:04:36,CLOSED,8.01,55.13,1025.72,0
2026-03-04 10:04:46,CLOSED,8.02,55.17,1025.72,0
2026-03-04 10:04:56,CLOSED,8.0,55.27,1025.71,0
2026-03-04 10:05:06,CLOSED,8.0,55.35,1025.72,0
2026-03-04 10:05:16,CLOSED,8.0,55.4,1025.71,0
2026-03-04 10:05:26,CLOSED,8.0,55.47,1025.72,0
2026-03-04 10:05:36,CLOSED,8.0,55.52,1025.72,0
2026-03-04 10:05:46,CLOSED,8.01,55.59,1025.71,0
2026-03-04 10:05:56,CLOSED,8.01,55.63,1025.72,0
2026-03-04 10:06:06,CLOSED,8.0,55.71,1025.7,0
2026-03-04 10:06:16,CLOSED,8.01,55.75,1025.7,0
2026-03-04 10:06:26,CLOSED,8.03,55.77,1025.71,0
2026-03-04 10:06:36,CLOSED,8.03,55.83,1025.7,0
2026-03-04 10:06:46,CLOSED,8.04,55.88,1025.69,0
2026-03-04 10:06:56,CLOSED,8.03,55.94,1025.7,0
2026-03-04 10:07:06,CLOSED,8.05,55.97,1025.7,0
2026-03-04 10:07:16,CLOSED,8.04,56.04,1025.68,0
2026-03-04 10:07:26,CLOSED,8.04,56.09,1025.68,0
2026-03-04 10:07:36,CLOSED,8.03,56.16,1025.69,0
2026-03-04 10:07:46,CLOSED,8.02,56.26,1025.68,0
2026-03-04 10:07:56,CLOSED,8.02,56.32,1025.68,0
2026-03-04 10:08:06,CLOSED,8.0,56.41,1025.69,0
2026-03-04 10:08:16,CLOSED,8.01,56.48,1025.71,0
2026-03-04 10:08:26,CLOSED,8.04,56.48,1025.7,0
2026-03-04 10:08:36,CLOSED,8.05,56.5,1025.7,0
2026-03-04 10:08:46,CLOSED,8.06,56.56,1025.71,0
2026-03-04 10:08:56,CLOSED,8.04,56.6,1025.69,0
2026-03-04 10:09:06,CLOSED,8.05,56.67,1025.71,0
2026-03-04 10:09:16,CLOSED,8.06,56.7,1025.71,0
2026-03-04 10:09:26,CLOSED,8.07,56.73,1025.68,0
2026-03-04 10:09:36,CLOSED,8.05,56.8,1025.69,0
2026-03-04 10:09:46,CLOSED,8.06,56.85,1025.7,0
2026-03-04 10:09:56,CLOSED,8.07,56.89,1025.67,0
2026-03-04 10:10:06,CLOSED,8.08,56.92,1025.68,0
2026-03-04 10:10:16,CLOSED,8.07,56.98,1025.68,0
2026-03-04 10:10:26,CLOSED,8.07,57.02,1025.68,0
2026-03-04 10:10:36,CLOSED,8.08,57.08,1025.67,0
2026-03-04 10:10:46,CLOSED,8.11,57.07,1025.66,0
2026-03-04 10:10:56,CLOSED,8.1,57.12,1025.66,0
2026-03-04 10:11:06,CLOSED,8.11,57.15,1025.67,0
2026-03-04 10:11:16,CLOSED,8.12,57.19,1025.67,0
2026-03-04 10:11:26,CLOSED,8.12,57.22,1025.67,0
2026-03-04 10:11:36,CLOSED,8.1,57.3,1025.69,0
2026-03-04 10:11:46,CLOSED,8.08,57.41,1025.68,0
2026-03-04 10:11:56,CLOSED,8.08,57.46,1025.67,0
2026-03-04 10:12:06,CLOSED,8.08,57.52,1025.68,0
2026-03-04 10:12:16,CLOSED,8.08,57.57,1025.66,0
2026-03-04 10:12:26,CLOSED,8.1,57.58,1025.68,0
2026-03-04 10:12:36,CLOSED,8.12,57.6,1025.68,0
2026-03-04 10:12:46,CLOSED,8.12,57.62,1025.65,0
